n,Gender,Age,Q218,Q219,Ethnicity,White background,White background_8_TEXT,Mixed background,Mixed background_8_TEXT,Asian background,Asian background_12_TEXT,Black background,Black background_9_TEXT,Other background,Other background_15_TEXT,Education,Language,MultiLg,Condition,op1_uk_coor,op2_uk_coor,op3_uk_coor,op4_uk_coor,op5_uk_coor,op6_uk_coor,op7_uk_coor,op8_uk_coor,op9_uk_coor,op10_uk_coor,op11_uk_coor,op12_uk_coor,op13_uk_coor ,op14_uk_coor ,op15_uk_coor,op16_uk_coor,op17_uk_coor,op18_uk_coor,op19_uk_coor,op20_uk_coor,op21_uk_coor,op22_uk_coor,op23_uk_coor,op24_uk_coor,op25_uk_coor,op26_uk_coor,op27_uk_coor,op28_uk_coor,op29_uk_coor,op30_uk_coor,check_item_uk,op1_unkw_coor ,op2_unkw_coor ,op3_unkw_coor ,op4_unkw_coor ,op5_unkw_coor ,op6_unkw_coor ,op7_unkw_coor ,op8_unkw_coor ,op9_unkw_coor,op10_unkw_coor ,op11_unkw_coor_time ,op12_unkw_coor ,op13_unkw_coor ,op14_unkw_coor ,op15_unkw_coor ,op16_unkw_coor ,op17_unkw_coor ,op18_unkw_coor ,op19_unkw_coor ,op20_unkw_coor,op21_unkw_coor,op22_unkw_coor ,op23_unkw_coor ,op24_unkw_coor ,op25_unkw_coor ,op26_unkw_coor ,op27_unkw_coor ,op28_unkw_coor ,op29_unkw_coor ,op30_unkw_coor ,op30_unkw_coor_time_First Click,op30_unkw_coor_time_Last Click,op30_unkw_coor_time_Page Submit,op30_unkw_coor_time_Click Count,check_question_unkno,loo_world_world_item_1,loo_world_world_item_2,loo_world_world_item_3,loo_world_world_item_4,loo_world_world_item_5,loo_world_world_item_6,loo_world_world_item_7,loo_world_world_item_8,loo_world_world_item_9,loo_world_world_item_10,loo_world_world_item_11,loo_world_world_item_12,loo_world_world_item_13,loo_world_world_item_14,loo_world_world_item_15,loo_world_world_item_16,loo_world_world_item_17,loo_world_world_item_18,loo_world_world_item_19,loo_world_world_item_20,loo_world_world_item_21,loo_world_world_item_22,loo_world_world_item_23,loo_world_world_item_24,loo_world_world_item_25,loo_world_world_item_26,loo_world_world_item_27,loo_world_world_item_28,loo_world_world_item_29,loo_world_world_item_30,overall_world_sample_world_con,loo_world_brit_item_1,loo_world_brit_item_2,loo_world_brit_item_3,loo_world_brit_item_4,loo_world_brit_item_5,loo_world_brit_item_6,loo_world_brit_item_7,loo_world_brit_item_8,loo_world_brit_item_9,loo_world_brit_item_10,loo_world_brit_item_11,loo_world_brit_item_12,loo_world_brit_item_13,loo_world_brit_item_14,loo_world_brit_item_15,loo_world_brit_item_16,loo_world_brit_item_17,loo_world_brit_item_18,loo_world_brit_item_19,loo_world_brit_item_20,loo_world_brit_item_21,loo_world_brit_item_22,loo_world_brit_item_23,loo_world_brit_item_24,loo_world_brit_item_25,loo_world_brit_item_26,loo_world_brit_item_27,loo_world_brit_item_28,loo_world_brit_item_29,loo_world_brit_item_30,overall_int_sample_brit_con,crossed_brit_brit_item_1,crossed_brit_brit_item_2,crossed_brit_brit_item_3,crossed_brit_brit_item_4,crossed_brit_brit_item_5,crossed_brit_brit_item_6,crossed_brit_brit_item_7,crossed_brit_brit_item_8,crossed_brit_brit_item_9,crossed_brit_brit_item_10,crossed_brit_brit_item_11,crossed_brit_brit_item_13,crossed_brit_brit_item_14,crossed_brit_brit_item_15,crossed_brit_brit_item_16,crossed_brit_brit_item_17,crossed_brit_brit_item_18,crossed_brit_brit_item_19,crossed_brit_brit_item_20,crossed_brit_brit_item_22,crossed_brit_brit_item_23,crossed_brit_brit_item_24,crossed_brit_brit_item_25,crossed_brit_brit_item_26,crossed_brit_brit_item_27,crossed_brit_brit_item_28,crossed_brit_brit_item_29,crossed_brit_brit_item_30,crossed_brit_brit_item_12,crossed_brit_world_item_1,crossed_brit_world_item_2,crossed_brit_world_item_3,crossed_brit_world_item_4,crossed_brit_world_item_5,crossed_brit_world_item_6,crossed_brit_world_item_7,crossed_brit_world_item_8,crossed_brit_world_item_9,crossed_brit_world_item_10,crossed_brit_world_item_11,crossed_brit_world_item_12,crossed_brit_world_item_13,crossed_brit_world_item_14,crossed_brit_world_item_15,crossed_brit_world_item_16,crossed_brit_world_item_17,crossed_brit_world_item_18,crossed_brit_world_item_19,crossed_brit_world_item_20,crossed_brit_world_item_21,crossed_brit_world_item_22,crossed_brit_world_item_23,crossed_brit_world_item_24,crossed_brit_world_item_25,crossed_brit_world_item_26,crossed_brit_world_item_27,crossed_brit_world_item_28,crossed_brit_world_item_29,crossed_brit_world_item_30,crossed_brit_brit_item_21,overall_crossed_brit_to_int_sample_brit_con,overall_crossed_brit_to_int_sample_world_con
0,Gender - Selected Choice,Age (years):,Nationality:,What country do you live in?,Ethnicity. What is your ethnic background? (Please choose one option that best describes your ethnic group or background).,White White: - Selected Choice,White White: - Any other white background (please describe) - Text,Mixed Mixed / Multiple ethnic groups: - Selected Choice,Mixed Mixed / Multiple ethnic groups: - Any other mixed / multiple ethnic background (please describe) - Text,Asian Asian / Asian British: - Selected Choice,Asian Asian / Asian British: - Any other Asian background (please describe) - Text,Black Black / African / Caribbean / Black British: - Selected Choice,Black Black / African / Caribbean / Black British: - Any other Black / African / Caribbean background (please describe) - Text,Other Other ethnic group: - Selected Choice,Other Other ethnic group: - Any other ethnic group (please describe) - Text,What is the highest level of education you have completed?,Is English your native language?,"Based on the number of languages you are fluent in, do you consider yourself:",,name a wild animal:,name a female world leader:,name a popular dance:,name a landmark:,name a typical snack:,name a male singer:,name a typical drink:,name a city:,name a piece of art:,name a newspaper:,name a sport player (any sport):,name a world leader:,<bound method StringMethods.lower of <pandas.core.strings.accessor.StringMethods object at 0x7fc2a86e62b0>>,name a book:,name a television broadcasting organisation:,name a male football player:,name a cartoon:,name a recognisable chocolate brand:,name a music band:,name a date in the year:,name a mountain:,name a currency:,name a typical celebration:,name a female singer:,name a beach:,name a flight company:,name a typical dish:,name a typical flower:,name a sport:,name a tourist city:,Name the current president of the United States:,name a wild animal:,name a female world leader::,name a popular dance:,name a landmark:,name a typical snack:,name a male singer:,name a typical drink:,name a city:,name a piece of art:,name a newspaper:,name a sport player (any sport):,name a world leader:,name a building:,name a book:,name a television broadcasting organisation:,name a male football player:,name a cartoon:,name a recognisable chocolate brand:,name a music band:,name a date in the year:,name a mountain:,name a currency:,name a typical celebration:,name a female singer:,name a beach:,name a flight company:,name a typical dish:,name a typical flower:,name a sport:,name a tourist city:,Timing - First Click,Timing - Last Click,Timing - Page Submit,Timing - Click Count,Name the current president of the United States:,,,,,,,,,,,,,,,,,,,,,,,,,,,,,,,,,,,,,,,,,,,,,,,,,,,,,,,,,,,,,,,,,,,,,,,,,,,,,,,,,,,,,,,,,,,,,,,,,,,,,,,,,,,,,,,,,,,,,,,,,,,,
1,"{""ImportId"":""QID208""}","{""ImportId"":""QID9_TEXT""}","{""ImportId"":""QID704_TEXT""}","{""ImportId"":""QID705_TEXT""}","{""ImportId"":""QID209""}","{""ImportId"":""QID621""}","{""ImportId"":""QID621_8_TEXT""}","{""ImportId"":""QID622""}","{""ImportId"":""QID622_8_TEXT""}","{""ImportId"":""QID623""}","{""ImportId"":""QID623_12_TEXT""}","{""ImportId"":""QID624""}","{""ImportId"":""QID624_9_TEXT""}","{""ImportId"":""QID625""}","{""ImportId"":""QID625_15_TEXT""}","{""ImportId"":""QID210""}","{""ImportId"":""QID12""}","{""ImportId"":""QID13""}",,"{""importid"":""qid41_text""}","{""importid"":""qid42_text""}","{""importid"":""qid43_text""}","{""importid"":""qid44_text""}","{""importid"":""qid45_text""}","{""importid"":""qid46_text""}","{""importid"":""qid47_text""}","{""importid"":""qid48_text""}","{""importid"":""qid49_text""}","{""importid"":""qid50_text""}","{""importid"":""qid51_text""}","{""importid"":""qid521_text""}",<bound method StringMethods.lower of <pandas.core.strings.accessor.StringMethods object at 0x7fc2a86e62b0>>,"{""importid"":""qid523_text""}","{""importid"":""qid524_text""}","{""importid"":""qid525_text""}","{""importid"":""qid526_text""}","{""importid"":""qid527_text""}","{""importid"":""qid528_text""}","{""importid"":""qid529_text""}","{""importid"":""qid530_text""}","{""importid"":""qid531_text""}","{""importid"":""qid532_text""}","{""importid"":""qid533_text""}","{""importid"":""qid534_text""}","{""importid"":""qid535_text""}","{""importid"":""qid536_text""}","{""importid"":""qid537_text""}","{""importid"":""qid538_text""}","{""importid"":""qid539_text""}","{""ImportId"":""QID631_TEXT""}","{""importid"":""qid561_text""}","{""importid"":""qid563_text""}","{""importid"":""qid565_text""}","{""importid"":""qid567_text""}","{""importid"":""qid569_text""}","{""importid"":""qid571_text""}","{""importid"":""qid573_text""}","{""importid"":""qid575_text""}","{""importid"":""qid577_text""}","{""importid"":""qid579_text""}","{""importid"":""qid581_text""}","{""importid"":""qid583_text""}","{""importid"":""qid585_text""}","{""importid"":""qid587_text""}","{""importid"":""qid589_text""}","{""importid"":""qid591_text""}","{""importid"":""qid593_text""}","{""importid"":""qid595_text""}","{""importid"":""qid597_text""}","{""importid"":""qid599_text""}","{""importid"":""qid601_text""}","{""importid"":""qid603_text""}","{""importid"":""qid605_text""}","{""importid"":""qid607_text""}","{""importid"":""qid609_text""}","{""importid"":""qid611_text""}","{""importid"":""qid613_text""}","{""importid"":""qid615_text""}","{""importid"":""qid617_text""}","{""importid"":""qid619_text""}","{""ImportId"":""QID620_FIRST_CLICK""}","{""ImportId"":""QID620_LAST_CLICK""}","{""ImportId"":""QID620_PAGE_SUBMIT""}","{""ImportId"":""QID620_CLICK_COUNT""}","{""ImportId"":""QID632_TEXT""}",,,,,,,,,,,,,,,,,,,,,,,,,,,,,,,,,,,,,,,,,,,,,,,,,,,,,,,,,,,,,,,,,,,,,,,,,,,,,,,,,,,,,,,,,,,,,,,,,,,,,,,,,,,,,,,,,,,,,,,,,,,,
2,Male,35,,,,,,,,Indian,,,,,,"Master's degree (e.g., MA, Mac)",No,Bilingual (2),Global,,,,,,,,,,,,,<bound method StringMethods.lower of <pandas.core.strings.accessor.StringMethods object at 0x7fc2a86e62b0>>,,,,,,,,,,,,,,,,,,,lion,angela merkel,jazz,statue of liberty,biscuits,michael jackson,water,new york,last supper,the washington post,cristiano ronaldo,joe biden,burj khalifa,the bible,nbc,lionel messi,tom and jerry,cadbury,abba,01/01/2021,everest,dollar,new year,barbra streisand,miami beach,emirates,pizza,rose,football,paris,19.826,19.826,24.729,1,Joe Biden,0.451612903,0.709677419,0.096774194,0.161290323,0.032258065,0.387096774,0.096774194,0.258064516,0,0.064516129,0.096774194,0.290322581,0.032258065,0.290322581,0.064516129,0.387096774,0.193548387,0.161290323,0.064516129,0.193548387,0.677419355,0.866666667,0.161290323,0.032258065,0.225806452,0.032258065,0.225806452,0.741935484,0.838709677,0.516129032,0.295119934,,,,,,,,,,,,,,,,,,,,,,,,,,,,,,,,,,,,,,,,,,,,,,,,,,,,,,,,,,,,,0.230769231,0.615384615,0,0,0.038461538,0.076923077,0,0,0,0,0.076923077,0.461538462,0,0.384615385,0,0,0.269230769,0.730769231,0,0,0.730769231,0,0,0,0.038461538,0,0,0.576923077,0.923076923,0.346153846,,,0.171597633
3,Male,28,,,,English/ Welsh/ Scottish / Northern Irish / British,,White and Asian,,Indian,,African,,Latin American,,"Bachelor's degree (e.g., Bsc, BA)",Yes,Monolingual (1),British,lion,angela merkel,bharatanatyam,hoover dam,chips,sidsriram,energy drink,washington,caravaggio,the hindu,dhoni,barack obama ,burj khalifa,absalom,terrestrial television,lionel messi,dora,nestle,bts,08/12/2021,ben nevis,dollar,bonfire night,antara mitra,woolacombe beach,emirates,sandwich,lotus,cricket,los angels,Joe Biden,,,,,,,,,,,,,,,,,,,,,,,,,,,,,,,,,,,,,,,,,,,,,,,,,,,,,,,,,,,,,,,,,,,0.366666667,0.6,0,0,0.333333333,0,0.033333333,0,0,0.033333333,0,0.1,0,0.066666667,0,0.133333333,0,0,0.033333333,0,0.133333333,0.2,0,0,0.066666667,0,0.033333333,0,0.1,0,0.083333333,0.230769231,0.615384615,0,0,0,0,0,0,0,0,0,0,0,0,0,0,0,0,0,0,0,0,0,0,0,0,0.038461538,0,0,,,,,,,,,,,,,,,,,,,,,,,,,,,,,,,0.076923077,0.036982248,
4,Female,28,,,,English/ Welsh/ Scottish / Northern Irish / British,,White and Asian,,Indian,,African,,Latin American,,"Bachelor's degree (e.g., Bsc, BA)",Yes,Monolingual (1),British,tiger,angela merkel,ballet,eiffel tower,bars,amitraj,margarita,mumbai,picasso,the hindu,lionel messi,ram nath kovind,accenture,absalom,bbc,xavi,betty boop,toblerone,abba,year-month-day,everest,dollar,running of the bulls,neha kakkar,wandoor,indigo,soup,aconitum,football,ooty,Joe Biden,,,,,,,,,,,,,,,,,,,,,,,,,,,,,,,,,,,,,,,,,,,,,,,,,,,,,,,,,,,,,,,,,,,0.266666667,0.6,0.1,0.266666667,0,0,0.066666667,0,0,0.033333333,0.033333333,0,0,0.066666667,0.866666667,0,0.033333333,0.033333333,0,0,0.466666667,0.2,0,0,0,0,0,0,0.8,0,0.141025641,0.153846154,0.615384615,0,0.076923077,0,0,0,0,0,0,0.038462,0,0,0.923076923,0,0,0,0,0,0,0,0,0,0,0,0,0.923076923,0,0,,,,,,,,,,,,,,,,,,,,,,,,,,,,,,,0.730769231,0.133136112,
5,Female,38,,,,English/ Welsh/ Scottish / Northern Irish / British,,White and Asian,,Indian,,Any other Black / African / Caribbean background (please describe),,Any other ethnic group (please describe),asian,"Bachelor's degree (e.g., Bsc, BA)",Yes,Bilingual (2),Global,,,,,,,,,,,,,<bound method StringMethods.lower of <pandas.core.strings.accessor.StringMethods object at 0x7fc2a86e62b0>>,,,,,,,,,,,,,,,,,,,lion,mother teresa,hip hop,statue of liberty,cobra,bala subramaniyam,cola,germany,mona lisa,the new york times,dhoni,gandhiji,petronas tower,anna karenina,bbc,cristiano ronaldo,tom and jerry,vanilla,rock,25,everest,dollar,christmas,lady gaga,gova,alaska airlines,pizza,rose,football,washington,0.846,10.55,10.915,5,Joe Biden,0.451612903,0,0.129032258,0.161290323,0.032258065,0,0.483870968,0,0.774193548,0.35483871,0.032258065,0,0,0,0.516129032,0.451612903,0.193548387,0,0,0,0.677419355,0.866666667,0.580645161,0,0,0,0.225806452,0.741935484,0.838709677,0,0.281472291,,,,,,,,,,,,,,,,,,,,,,,,,,,,,,,,,,,,,,,,,,,,,,,,,,,,,,,,,,,,,0.230769231,0,0,0,0,0,0.5,0,0.730769231,0,0,0,0,0,0.923076923,0.038461538,0.269230769,0,0,0,0.730769231,0,0.653846154,0.076923077,0,0,0,0.576923077,0.923076923,0,,,0.207100592
6,Male,27,,,,English/ Welsh/ Scottish / Northern Irish / British,,White and Black Caribbean,,,,,,,,"Bachelor's degree (e.g., Bsc, BA)",Yes,Monolingual (1),British,squirrel,marie curie,hip hop,sydney opera house,chips,michael jackson,pina colada,texas,jackson pollock,new york times,football,boris johnson,the landmark pinnacle,white teeth,bbc,sir bobby charlton,sooty and sweep,house of dorchester,amadou and mariam,monday,ben nevis,pound,diwali in leicester ,adele,woolacombe beach,british airways,fish and chips,rose,american football,london,Joe Biden,,,,,,,,,,,,,,,,,,,,,,,,,,,,,,,,,,,,,,,,,,,,,,,,,,,,,,,,,,,,,,,,,,,0,0,0.1,0,0.333333333,0.233333333,0,0,0,0.133333333,0.133333333,0.266666667,0,0,0.866666667,0,0,0,0,0,0.133333333,0.7,0,0.2,0.066666667,0.533333333,0.5,0.6,0,0.566666667,0.2,0,0,0,0,0,0.076923077,0,0,0,0,0.153846154,0,0,0.923076923,0,0,0,0,0,0.846153846,0,0.307692308,0,0.538461538,0.692307692,0.576923077,0,0.461538462,0.192307692,,,,,,,,,,,,,,,,,,,,,,,,,,,,,,,0.076923077,0.186390533,
7,Male,25,,,,English/ Welsh/ Scottish / Northern Irish / British,,White and Asian,,Indian,,Any other Black / African / Caribbean background (please describe),,Any other ethnic group (please describe),,"Bachelor's degree (e.g., Bsc, BA)",Yes,Bilingual (2),British,lion,angela merkel,salsa,eiffel tower,crisps,anjjan bhattacharya,cola,london,mona lisa,the times,cristiano ronaldo,joe biden,eiffle tower,absalom,hertzian ,cristiano ronaldo,betty boop,cadbury,the beatles,christmas,everest,dollar,christmas,beyonce,saud beach,british airways,pasta,rose,football,paris,Joe baiden,,,,,,,,,,,,,,,,,,,,,,,,,,,,,,,,,,,,,,,,,,,,,,,,,,,,,,,,,,,,,,,,,,,0.366666667,0.6,0.066666667,0.266666667,0.2,0,0.3,0.5,0.566666667,0.1,0.066666667,0.133333333,0,0.066666667,0,0.066666667,0.033333333,0.466666667,0.333333333,0.366666667,0.466666667,0.2,0.466666667,0.1,0,0.533333333,0,0.6,0.8,0.233333333,0.282051282,0.230769231,0.615384615,0,0.076923077,0.692307692,0,0.5,0.807692308,0.730769231,0.192307692,0.076923077,0,0,0,0.038461538,0,0.730769231,0.307692308,0.461538,0,0.653846154,0.153846154,0,0.538461538,0,0.576923077,0.923076923,0.346153846,0.461538462,,,,,,,,,,,,,,,,,,,,,,,,,,,,,,,0.730769231,0.350591698,
8,Male,30,,,,English/ Welsh/ Scottish / Northern Irish / British,,Any other mixed / multiple ethnic background (please describe),asian,Indian,,Any other Black / African / Caribbean background (please describe),asian,Any other ethnic group (please describe),,"Bachelor's degree (e.g., Bsc, BA)",Yes,Monolingual (1),British,lion,angela merkel,salsa,eiffel tower,crisps,michael jackson,cola,london,mona lisa,the sun,harry kane,boris johnson,the shard,harry potter,bbc,harry kane,tom and jerry,cadbury,the beatles,christmas,everest,pound,christmas,beyonce,brighton,british airways,fish and chips,rose,football,london,Joe Biden,,,,,,,,,,,,,,,,,,,,,,,,,,,,,,,,,,,,,,,,,,,,,,,,,,,,,,,,,,,,,,,,,,,0.366666667,0.6,0.066666667,0.266666667,0.2,0.233333333,0.3,0.5,0.566666667,0.133333333,0,0.266666667,0.066666667,0.433333333,0.866666667,0.333333333,0.233333333,0.466666667,0.333333333,0.366666667,0.466666667,0.7,0.466666667,0.1,0.2,0.533333333,0.5,0.6,0.8,0.566666667,0.406410256,0.230769231,0.615384615,0,0.076923077,0.692307692,0.076923077,0.5,0.807692308,0.730769231,0.230769231,0.076923077,0.076923077,0.346153846,0.923076923,0.653846154,0.269230769,0.730769231,0.307692308,0.461538,0.846153846,0.653846154,0.153846154,0.230769231,0.538461538,0.692307692,0.576923077,0.923076923,0.461538462,0.192307692,,,,,,,,,,,,,,,,,,,,,,,,,,,,,,,0.730769231,0.483727793,
9,Female,32,,,,Any other white background (please describe),asia,White and Asian,,Indian,,Any other Black / African / Caribbean background (please describe),asian,Any other ethnic group (please describe),tamil,"Master's degree (e.g., MA, Mac)",No,Bilingual (2),Global,,,,,,,,,,,,,<bound method StringMethods.lower of <pandas.core.strings.accessor.StringMethods object at 0x7fc2a86e62b0>>,,,,,,,,,,,,,,,,,,,lion,ed angella,tango,eiffel tower,crisps,a r rahman,cola,london,mona lisa,the times,dhoni,abraham lincon,white house,harry potter,bbc,lionel messi,tom and jerry,cadbury,sony,07/10/2006,everest,dollar,new year,sraya gosal,merina ,air india,burger,marie gold,cricket,london,0.593,0.593,5.728,1,joe biden,0.451612903,0,0.129032258,0.35483871,0.064516129,0,0.483870968,0.193548387,0.774193548,0.322580645,0.032258065,0,0.129032258,0.225806452,0.516129032,0.387096774,0.193548387,0.161290323,0,0,0.677419355,0.866666667,0.161290323,0,0,0,0.096774194,0,0,0.129032258,0.224400331,,,,,,,,,,,,,,,,,,,,,,,,,,,,,,,,,,,,,,,,,,,,,,,,,,,,,,,,,,,,,0.230769231,0,0.269230769,0.076923077,0.692307692,0,0.5,0.807692308,0.730769231,0.192307692,0,0,0.076923077,0.346153846,0.923076923,0,0.269230769,0.730769231,0,0,0.730769231,0,0,0,0,0,0,0,0.038461538,0.461538462,,,0.223372781
10,Male,37,,,,Any other white background (please describe),Swedish,,,,,,,,,"Bachelor's degree (e.g., Bsc, BA)",Yes,Monolingual (1),British,lion,angela merkel,ballet,big ben,biscuits,justin bieber,water,london,mona lisa,the guardian,cristiano ronaldo,joe biden,empire state building,the bible,bbc,harry kane,the simpsons,mars,u2,christmas,everest,pound,cheer,taylor swift,bondi beach,british airways,fish and chips,rose,football,paris,Joe Biden,,,,,,,,,,,,,,,,,,,,,,,,,,,,,,,,,,,,,,,,,,,,,,,,,,,,,,,,,,,,,,,,,,,0.366666667,0.6,0.1,0.166666667,0.033333333,0.1,0.033333333,0.5,0.566666667,0.2,0.066666667,0.133333333,0.033333333,0.066666667,0.866666667,0.333333333,0.066666667,0,0.1,0.366666667,0.466666667,0.7,0,0.033333333,0.133333333,0.533333333,0.5,0.6,0.8,0.233333333,0.323076923,0.230769231,0.615384615,0,0.192307692,0.038461538,0.115384615,0,0.807692308,0.730769231,0.038461538,0.076923077,0.115384615,0.384615385,0.923076923,0.653846154,0.076923077,0.038461538,0,0.461538,0.846153846,0,0,0.192308,0.538461538,0.692307692,0.576923077,0.923076923,0.346153846,0.461538462,,,,,,,,,,,,,,,,,,,,,,,,,,,,,,,0.730769231,0.403846136,
11,Male,40,,,,,,,,Bangladeshi,,,,,,"Master's degree (e.g., MA, Mac)",No,Bilingual (2),British,tiger,angela merkel,bailey ,athens ,sandwich,buddy holly,mojito,dhaka,mona lisa,usa today,judy murray,queen elizabeth ii,homes in great britain,lost my name,bbc,harry kane,tom and jerry,ferrero rocher,aerosmith,26/09/2021,carrauntoohil highest in munster,dollar,bastille day,kavita,fakistra,qantas,fries,lily,football,athens ,john banded ,,,,,,,,,,,,,,,,,,,,,,,,,,,,,,,,,,,,,,,,,,,,,,,,,,,,,,,,,,,,,,,,,,,0.266666667,0.6,0,0,0,0,0,0,0.566666667,0,0,0.033333333,0,0,0.866666667,0.333333333,0.233333333,0.1,0,0,0,0.2,0,0,0,0.033333333,0.033333333,0.033333333,0.8,0,0.144871795,0.153846154,0.615384615,0,0,0,0,0,0,0.730769231,0,0,0.076923,0,0.923076923,0.653846154,0.269230769,0,0,0,0,0,0,0,0,0,0.038461538,0.923076923,0,0,,,,,,,,,,,,,,,,,,,,,,,,,,,,,,,0,0.158284021,
12,Male,35,,,,Any other white background (please describe),Asian,White and Asian,,Pakistani,,,,,,"Bachelor's degree (e.g., Bsc, BA)",Yes,Multilingual (more than 2),British,lion,angela merkel,hip hop,taj mahal,bitterballen,justin timberlake,juice,new york,object of art,daily mail,david beckham,boris johnson,beetham tower,hamlet,bbc,harry kane,gulball,cadbury,joy division,31/08/2021,snowdon,pound,new year,amy winehouse,brighton,british airways,fish and chips,rose,cricket,london,Joe Biden,,,,,,,,,,,,,,,,,,,,,,,,,,,,,,,,,,,,,,,,,,,,,,,,,,,,,,,,,,,,,,,,,,,0.366666667,0.6,0.1,0.033333333,0,0,0,0.066666667,0,0,0.3,0.266666667,0,0,0.866666667,0.333333333,0,0.466666667,0.033333333,0,0.1,0.7,0.1,0.1,0.2,0.533333333,0.5,0.6,0.1,0.566666667,0.237179487,0.230769231,0.615384615,0,0,0,0,0,0,0,0.153846154,0.153846154,0,0,0.923076923,0.653846154,0,0.730769231,0,0,0.846153846,0,0,0.230769231,0.538461538,0.692307692,0.576923077,0.038461538,0.461538462,0.192307692,,,,,,,,,,,,,,,,,,,,,,,,,,,,,,,0.115384615,0.23816568,
13,Male,50,,,,English/ Welsh/ Scottish / Northern Irish / British,,,,,,,,,,"Master's degree (e.g., MA, Mac)",Yes,Multilingual (more than 2),Global,,,,,,,,,,,,,<bound method StringMethods.lower of <pandas.core.strings.accessor.StringMethods object at 0x7fc2a86e62b0>>,,,,,,,,,,,,,,,,,,,lion,angela merkel,salsa,eiffel tower,chips,michael jackson,beer,london,mona lisa,london times,harry kane,boris johnson,white house,harry potter,bbc,cristiano ronaldo,mickey mouse,hershey's,the beatles,01/12/2021,everest,pound,new year,beyonce,copacabana,british airways,meat and potatoes,rose,football,paris,0.728,0.728,3.924,1,Biden,0.451612903,0.709677419,0.161290323,0.35483871,0.387096774,0.387096774,0.064516129,0.193548387,0.774193548,0,0,0.032258065,0.129032258,0.225806452,0.516129032,0.451612903,0.096774194,0.096774194,0.225806452,0.032258065,0.677419355,0.033333333,0.161290323,0.322580645,0.064516129,0.225806452,0,0.741935484,0.838709677,0.516129032,0.307733664,,,,,,,,,,,,,,,,,,,,,,,,,,,,,,,,,,,,,,,,,,,,,,,,,,,,,,,,,,,,,0.230769231,0.615384615,0,0.076923077,0,0.076923077,0,0.807692308,0.730769231,0.192308,0.076923077,0.192307692,0.076923077,0.346153846,0.923076923,0.038461538,0.038461538,0,0.307692308,0,0.730769231,0.846153846,0,0.153846154,0,0.538461538,0,0.576923077,0.923076923,0.346153846,,,0.338757408
14,Male,35,,,,,,White and Asian,,Pakistani,,,,,,"Master's degree (e.g., MA, Mac)",No,Multilingual (more than 2),British,lion,lady diana,english county dance,big ben,king cobra,michael jackson,cola,london,painting,the times,novak djokovic,kofi annan,buckingham palace,harry potter,bbc,harry kane,x men,cadbury,beabadoobee,09/11/2021,ben nevis,pound,christmas,taylor swift,bondi beach,british airways,fries,rose,cricket,paris,Joe Biden,,,,,,,,,,,,,,,,,,,,,,,,,,,,,,,,,,,,,,,,,,,,,,,,,,,,,,,,,,,,,,,,,,,0.366666667,0,0,0.166666667,0,0.233333333,0.3,0.5,0.1,0.1,0,0,0.166666667,0.433333333,0.866666667,0.333333333,0,0.466666667,0,0,0.133333333,0.7,0.466666667,0.033333333,0.133333333,0.533333333,0.033333333,0.6,0.1,0.233333333,0.246153846,0.230769231,0,0,0.192307692,0,0.076923077,0.5,0.807692308,0,0.192307692,0,0.192307692,0.346153846,0.923076923,0.653846154,0,0.730769231,0,0,0.846153846,0.653846154,0,0.192308,0.538461538,0,0.576923077,0.038461538,0.346153846,0,,,,,,,,,,,,,,,,,,,,,,,,,,,,,,,0.076923077,0.276627219,
15,Male,32,,,,Any other white background (please describe),Asian,White and Asian,,Pakistani,,,,,,"Master's degree (e.g., MA, Mac)",Yes,Bilingual (2),British,tiger,angela merkel,belly,tomb of muhammad ali jinnah (mazar-e-quaid),smucker's,michael jackson,beer,london,painting,dawn,cristiano ronaldo,imran khan,world trade center,harry potter,bbc,cristiano ronaldo,tom and jerry,kitkat,led zeppelin,12,snowdon,pound,new year,britney spears,bournemouth,easyjet,thai,rose,football,london,Joe Biden,,,,,,,,,,,,,,,,,,,,,,,,,,,,,,,,,,,,,,,,,,,,,,,,,,,,,,,,,,,,,,,,,,,0.266666667,0.6,0,0,0,0.233333333,0.133333333,0.5,0.1,0,0.066666667,0,0,0.433333333,0.866666667,0.066666667,0.233333333,0.066666667,0,0,0.1,0.7,0.1,0.033333333,0,0.066666667,0,0.6,0.8,0.566666667,0.23974359,0.153846154,0.615384615,0,0,0,0.076923077,0,0.807692308,0,0,0.076923077,0,0.346153846,0.923076923,0.038461538,0.269230769,0,0,0,0.846153846,0,0,0,0.230769231,0,0.576923077,0.923076923,0.461538462,0,,,,,,,,,,,,,,,,,,,,,,,,,,,,,,,0.115384615,0.23816568,
16,Male,36,,,,,,,,Any other Asian background (please describe),South East Asian,,,,,"Bachelor's degree (e.g., Bsc, BA)",No,Multilingual (more than 2),British,lion,angela merkel,saman,eiffel tower,chips,justin bieber,milk,jakarta,drawing,huffington post,david beckham,tony blair,big ben,harry potter,bbc,david beckham,popeye,cadbury,the beatles,01/08/2021,alps,pound,birthday,mariah carey,kuta,qantas,sandwich,rose,football,london,Joe Biden,,,,,,,,,,,,,,,,,,,,,,,,,,,,,,,,,,,,,,,,,,,,,,,,,,,,,,,,,,,,,,,,,,,0.366666667,0.6,0,0.266666667,0.333333333,0.1,0,0,0,0,0.3,0,0.233333333,0.433333333,0.866666667,0.266666667,0,0.466666667,0.333333333,0,0.033333333,0.7,0.066666667,0,0,0.033333333,0.033333333,0.6,0.8,0.566666667,0.266666667,0.230769231,0.615384615,0,0.076923077,0,0.115384615,0,0,0,0,0.153846154,0.076923077,0.346153846,0.923076923,0.076923077,0,0.730769231,0.307692308,0,0.846153846,0.192307692,0.038461538,0,0,0,0.576923077,0.923076923,0.461538462,0,,,,,,,,,,,,,,,,,,,,,,,,,,,,,,,0,0.229289941,
17,Male,40,,,,Irish,,,,,,,,,,"Bachelor's degree (e.g., Bsc, BA)",Yes,Monolingual (1),British,bear,angela merkel,macarena,eiffel tower,crisps,bono,beer,london,mona lisa,london times,football,joe biden,parliment,harry potter,bbc,harry kane,the simpsons,cadbury,u2,01/01/2021,everest,pound,christmas,adele,miami beach,virgin,fish and chips,rose,football,london,Biden,,,,,,,,,,,,,,,,,,,,,,,,,,,,,,,,,,,,,,,,,,,,,,,,,,,,,,,,,,,,,,,,,,,0.066666667,0.6,0.033333333,0.266666667,0.2,0,0.133333333,0.5,0.566666667,0,0.133333333,0.133333333,0,0.433333333,0.866666667,0.333333333,0.066666667,0.466666667,0.1,0.033333333,0.466666667,0.7,0.466666667,0.2,0.033333333,0.1,0.5,0.6,0.8,0.566666667,0.337179487,0.038461538,0.615384615,0,0.076923077,0.692307692,0,0,0.807692308,0.730769231,0.192308,0.153846154,0.076923,0.346153846,0.923076923,0.653846154,0.076923077,0.730769231,0,0,0.846153846,0.653846154,0.307692308,0.038461538,0,0.692307692,0.576923077,0.923076923,0.461538462,0.461538462,,,,,,,,,,,,,,,,,,,,,,,,,,,,,,,0.730769231,0.421597642,
18,Male,39,,,,,,,,Any other Asian background (please describe),Southeast Asian,,,,,"Bachelor's degree (e.g., Bsc, BA)",No,Bilingual (2),British,lion,angela merkel,ballet,eiffel tower,chips,michael jackson,cola,new york,mona lisa,the guardian,david beckham,barack obama ,buckingham palace,harry potter,bbc,harry kane,the simpsons,toblerone,one direction,28/02/2021,everest,pound,new year,adele,omaha,virgin,fish and chips,rose,football,paris,Joe Biden,,,,,,,,,,,,,,,,,,,,,,,,,,,,,,,,,,,,,,,,,,,,,,,,,,,,,,,,,,,,,,,,,,,0.366666667,0.6,0.1,0.266666667,0.333333333,0.233333333,0.3,0.066666667,0.566666667,0.2,0.3,0.1,0.166666667,0.433333333,0.866666667,0.333333333,0.066666667,0.033333333,0.033333333,0,0.466666667,0.7,0.1,0.2,0,0.1,0.5,0.6,0.8,0.233333333,0.341025641,0.230769231,0.615384615,0,0.076923077,0,0.076923077,0.5,0,0.730769231,0.038461538,0.153846154,0.192307692,0.346153846,0.923076923,0.653846154,0.076923077,0,0,0,0.846153846,0,0.307692308,0,0,0.692307692,0.576923077,0.923076923,0.346153846,0,,,,,,,,,,,,,,,,,,,,,,,,,,,,,,,0.730769231,0.344674556,
19,Male,39,,,,English/ Welsh/ Scottish / Northern Irish / British,,,,,,,,,,"Master's degree (e.g., MA, Mac)",No,Bilingual (2),Global,,,,,,,,,,,,,<bound method StringMethods.lower of <pandas.core.strings.accessor.StringMethods object at 0x7fc2a86e62b0>>,,,,,,,,,,,,,,,,,,,fox,margaret thatcher,macarena,north star,sandwich,bono,long island,rome,mona lisa,the washington post,messi,vladimir putin,empire state building,the bible,cnn,lionel messi,spongebob,ferrero rocher,u2,01/01/2021,himalayas,dollar,marriage,beyonce,ipanema,american airlines,pizza,sunflower,football,paris,1.103,1.103,3.964,1,Joe Biden,0,0.032258065,0,0,0.096774194,0,0,0,0.774193548,0.064516129,0.322580645,0.096774194,0.258064516,0.290322581,0.225806452,0.387096774,0,0.064516129,0.032258065,0.193548387,0.096774194,0.866666667,0.064516129,0.322580645,0,0.129032258,0.225806452,0.032258065,0.838709677,0.516129032,0.205789909,,,,,,,,,,,,,,,,,,,,,,,,,,,,,,,,,,,,,,,,,,,,,,,,,,,,,,,,,,,,,0.192307692,0,0,0,0,0,0,0,0.730769231,0,0.038461538,0,0.115384615,0.384615385,0,0,0.115384615,0,0,0,0,0,0,0.153846154,0,0,0,0,0.923076923,0.346153846,,,0.110946746
20,Male,33,,,,Any other white background (please describe),german,,,,,,,,,"Master's degree (e.g., MA, Mac)",No,Bilingual (2),Global,,,,,,,,,,,,,<bound method StringMethods.lower of <pandas.core.strings.accessor.StringMethods object at 0x7fc2a86e62b0>>,,,,,,,,,,,,,,,,,,,wolf,angela merkel,waltz,eiffel tower,chocolate,justin bieber,cola,new york,mona lisa,the new york times,messi,joe biden,white house,the bible,abc,cristiano ronaldo,the simpsons,milka,the beatles,31/12/2021,everest,,christmas,beyonce,palm beach,american airlines,pizza,rose,football,paris,1.223,1.223,5.675,1,Joe BIden,0.064516129,0.709677419,0.032258065,0.35483871,0,0.096774194,0.483870968,0.258064516,0.774193548,0.35483871,0.322580645,0.290322581,0.129032258,0.290322581,0,0.451612903,0.096774194,0.064516129,0.225806452,0.096774194,0.677419355,,0.580645161,0.322580645,0.032258065,0.129032258,0.225806452,0.741935484,0.838709677,0.516129032,,,,,,,,,,,,,,,,,,,,,,,,,,,,,,,,,,,,,,,,,,,,,,,,,,,,,,,,,,,,,,0.038461538,0.615384615,0.076923077,0.076923077,0,0.115384615,0.5,0,0.730769231,0,0.038461538,0.461538462,0.076923077,0.384615385,0,0.038461538,0.076923077,0,0.307692308,0,0.730769231,,0.653846154,0.153846154,0,0,0,0.576923077,0.923076923,0.346153846,,,
21,Male,36,,,,,,White and Asian,,,,,,,,"Bachelor's degree (e.g., Bsc, BA)",Yes,Bilingual (2),Global,,,,,,,,,,,,,<bound method StringMethods.lower of <pandas.core.strings.accessor.StringMethods object at 0x7fc2a86e62b0>>,,,,,,,,,,,,,,,,,,,bear,hillary clinton ,hip hop,pyramid of giza,chips,drake ,cola,new york,monet,esquire ,cristiano ronaldo,barack obama,cn tower ,harry potter,bbc,cristiano ronaldo,bugs bunny,lindor ,sting ,2021,everest,dollar,birthday,adele,sunset beach ,air canada ,spaghetti ,rose,football,paris,0.351,0.351,5.319,1,Joe Biden ,0,0,0.129032258,0.032258065,0.387096774,0,0.483870968,0.258064516,0,0,0.096774194,0.064516129,0,0.225806452,0.516129032,0.451612903,0.064516129,0,0,0,0.677419355,0.866666667,0.064516129,0.225806452,0,0,0,0.741935484,0.838709677,0.516129032,0.250454921,,,,,,,,,,,,,,,,,,,,,,,,,,,,,,,,,,,,,,,,,,,,,,,,,,,,,,,,,,,,,0.038461538,0,0,0,0,0,0.5,0,0,0,0.076923077,0,0,0.346153846,0.923076923,0.038461538,0.038462,0,0,0,0.730769231,0,0.192307692,0.307692308,0,0,0,0.576923077,0.923076923,0.346153846,,,0.192307692
22,Male,34,,,,Any other white background (please describe),Russian,,,,,,,,,"Bachelor's degree (e.g., Bsc, BA)",No,Multilingual (more than 2),Global,,,,,,,,,,,,,<bound method StringMethods.lower of <pandas.core.strings.accessor.StringMethods object at 0x7fc2a86e62b0>>,,,,,,,,,,,,,,,,,,,wolf,indira gandhi,tango,the colosseum,sandwich,sting,tea,prague,black square,the times,cristiano ronaldo,vladimir putin,the chrysler building,the bible,bbc,cristiano ronaldo,adventure time,mars,the kiss,01/12/2021,alps,dollar,new year,rihanna,santa monica beach,british airways,breakfast,rose,football,paris,0.988,0.988,4.414,1,Joe Biden,0.064516129,0,0.129032258,0,0.096774194,0,0.032258065,0,0,0.322580645,0.096774194,0.096774194,0,0.290322581,0.516129032,0.451612903,0,0,0,0.032258065,0,0.866666667,0.161290323,0.032258065,0,0.225806452,0,0.741935484,0.838709677,0.516129032,0.208271299,,,,,,,,,,,,,,,,,,,,,,,,,,,,,,,,,,,,,,,,,,,,,,,,,,,,,,,,,,,,,0.038461538,0,0.269230769,0,0,0,0.115384615,0,0,0.192307692,0.076923077,0,0,0.384615385,0.923076923,0.038461538,0,0.038461538,0,0,0,0,0,0,0,0.538461538,0,0.576923077,0.923076923,0.346153846,,,0.159763314
23,Male,38,,,,English/ Welsh/ Scottish / Northern Irish / British,,White and Black Caribbean,,,,,,,,"Master's degree (e.g., MA, Mac)",Yes,Bilingual (2),Global,,,,,,,,,,,,,<bound method StringMethods.lower of <pandas.core.strings.accessor.StringMethods object at 0x7fc2a86e62b0>>,,,,,,,,,,,,,,,,,,,lion,angela merkel,hip hop,disney,chips,beyonce,water,paris,mona lisa,herald tribune,basketball,joe biden,empire state building,harry potter,nbc,cristiano ronaldo,bugs bunny,milka,coldplay,christmas,himalayas,dollar,christmas,beyonce,florida,air asia,fries,rose,football,paris,0.964,0.964,3.301,1,Joe Biden,0.451612903,0.709677419,0.129032258,0,0.387096774,0,0.096774194,0.129032258,0.774193548,0,0,0.290322581,0.258064516,0.225806452,0.064516129,0.451612903,0.064516129,0.064516129,0.032258065,0.161290323,0.096774194,0.866666667,0.580645161,0.322580645,0.032258065,0,0,0.741935484,0.838709677,0.516129032,0.308767577,,,,,,,,,,,,,,,,,,,,,,,,,,,,,,,,,,,,,,,,,,,,,,,,,,,,,,,,,,,,,0.230769231,0.615384615,0,0,0,0,0,0,0.730769231,0,0,0.461538462,0.115384615,0.346153846,0,0.038461538,0.038462,0,0.038461538,0.461538,0,0,0.653846154,0.153846154,0,0,0,0.576923077,0.923076923,0.346153846,,,0.218934893
24,Male,43,,,,Any other white background (please describe),Spain,,,,,,,,,"Master's degree (e.g., MA, Mac)",No,Multilingual (more than 2),Global,,,,,,,,,,,,,<bound method StringMethods.lower of <pandas.core.strings.accessor.StringMethods object at 0x7fc2a86e62b0>>,,,,,,,,,,,,,,,,,,,tiger,angela merkel,tango,eiffel tower,olives,elvis presley,cola,london,gernika,the new york times,michael jordan,vladimir putin,empire state building,el quijote,cnn,lionel messi,mickey mouse,nestle,u2,christmas,everest,dollar,christmas,madonna,acapulco,british airways,paella,dandelion,football,paris,0.968,0.968,5.304,1,Joe Biden,0.129032258,0.709677419,0.129032258,0.35483871,0,0.064516129,0.483870968,0.193548387,0,0.35483871,0.096774194,0.096774194,0.258064516,0,0.225806452,0.387096774,0.096774194,0.032258065,0.032258065,0.161290323,0.677419355,0.866666667,0.580645161,0.096774194,0,0.225806452,0,0,0.838709677,0.516129032,0.262861869,,,,,,,,,,,,,,,,,,,,,,,,,,,,,,,,,,,,,,,,,,,,,,,,,,,,,,,,,,,,,0.153846154,0.615384615,0.269230769,0.076923077,0,0,0.5,0.807692308,0,0,0,0,0.115384615,0,0,0,0.038461538,0,0,0.461538,0.730769231,0,0.653846154,0.076923077,0,0.538461538,0,0,0.923076923,0.346153846,,,0.230769213
25,Female,31,,,,,,White and Black African,,,,,,,,"Bachelor's degree (e.g., Bsc, BA)",Yes,Bilingual (2),British,lion,vjosa osmani,tap dance,taj mahal,biscuits,drake,margarita,seattle,mona lisa,new york times,rugby,queen elizabeth ii,big ben,lord of the rings,bbc,lionel messi,mr. bean,ferrero rocher,joy division,09/09/2021,everest,dollar,christmas,beyonce,miami beach,british airways,fish and chips,sunflower,rugby,paris,JOE BIDEN,,,,,,,,,,,,,,,,,,,,,,,,,,,,,,,,,,,,,,,,,,,,,,,,,,,,,,,,,,,,,,,,,,,0.366666667,0,0,0.033333333,0.033333333,0,0.066666667,0,0.566666667,0.133333333,0,0.033333333,0.233333333,0.033333333,0.866666667,0.133333333,0,0.1,0.033333333,0,0.466666667,0.2,0.466666667,0.1,0.033333333,0.533333333,0.5,0.033333333,0,0.233333333,0.194871795,0.230769231,0,0,0,0.038461538,0,0,0,0.730769231,0,0,0.076923077,0,0.923076923,0,0,0,0,0,0,0.653846154,0.153846154,0.038461538,0.538461538,0.692307692,0,0,0.346153846,0,,,,,,,,,,,,,,,,,,,,,,,,,,,,,,,0.730769231,0.196745562,
26,Female,53,,,,English/ Welsh/ Scottish / Northern Irish / British,,,,,,,,,,"Bachelor's degree (e.g., Bsc, BA)",Yes,Monolingual (1),British,lion,hillary clinton,jazz,washington square park,cheetos,michael jackson,wine,new york,painting,dallas morning news,football,gandhi ,empire state building,harry potter,bbc,lionel messi,tom and jerry,kitkat,the beatles,29/07/2021,ben nevis,dollar,christmas,annie lennox,holkham beach,easyjet,pizza,rose,cricket,paris,Joe Biden,,,,,,,,,,,,,,,,,,,,,,,,,,,,,,,,,,,,,,,,,,,,,,,,,,,,,,,,,,,,,,,,,,,0.366666667,0.066666667,0.033333333,0,0,0.233333333,0,0.066666667,0.1,0,0.133333333,0,0.033333333,0.433333333,0.866666667,0.133333333,0.233333333,0.066666667,0.333333333,0,0.133333333,0.2,0.466666667,0,0,0.066666667,0,0.6,0.1,0.233333333,0.175641026,0.230769231,0.076923077,0,0,0,0.076923077,0,0,0,0,0.153846154,0.115384615,0.346153846,0.923076923,0,0.269230769,0,0.307692308,0,0,0.653846154,0,0,0.230769231,0,0.576923077,0.038461538,0.346153846,0,,,,,,,,,,,,,,,,,,,,,,,,,,,,,,,0.076923077,0.159763314,
27,Male,36,,,,English/ Welsh/ Scottish / Northern Irish / British,,,,,,,,,,"Bachelor's degree (e.g., Bsc, BA)",Yes,Monolingual (1),British,bear,catherine the great,macarena,pyramids of giza,fruit,justin bieber,water,paris,mona lisa,the guardian,football,boris johnson,big ben,lord of the rings,bbc,harry kane,looney toons,godiva,the beatles,05/10/2021,everest,pound,christmas,janet jackson,brighton,united,fish and chips,dandelion,football,paris,biden,,,,,,,,,,,,,,,,,,,,,,,,,,,,,,,,,,,,,,,,,,,,,,,,,,,,,,,,,,,,,,,,,,,0.066666667,0,0.033333333,0.033333333,0,0.1,0.033333333,0.033333333,0.566666667,0.2,0.133333333,0.266666667,0.233333333,0.033333333,0.866666667,0.333333333,0,0,0.333333333,0,0.466666667,0.7,0.466666667,0,0.2,0,0.5,0.033333333,0.8,0.233333333,0.247435897,0.038461538,0,0,0,0,0.115384615,0,0,0.730769231,0.038461538,0.153846154,0.076923077,0,0.923076923,0.653846154,0.03846,0,0.307692308,0,0.846153846,0.653846154,0,0.230769231,0,0.692307692,0,0.923076923,0.346153846,0.192307692,,,,,,,,,,,,,,,,,,,,,,,,,,,,,,,0.730769231,0.285502959,
28,Female,20,,,,,,White and Black African,,,,,,Latin American,,Secondary school degree or equivalent (e.g. A levels),No,Bilingual (2),British,coyote,margaret thatcher,tango,eiffel tower,chips,paul mccartney,soda,london,mona lisa,the times,lewis hamilton,churchill,big ben,the bible,bbc,lionel messi,mickey mouse,hershey's,the beatles,christmas,everest,euro,new year,amy winehouse,brighton,delta,fish and chips,rose,football,london,biden,,,,,,,,,,,,,,,,,,,,,,,,,,,,,,,,,,,,,,,,,,,,,,,,,,,,,,,,,,,,,,,,,,,0,0.033333333,0.1,0.266666667,0.333333333,0,0,0.5,0.566666667,0.1,0,0,0.233333333,0.066666667,0.866666667,0.133333333,0.033333333,0,0.333333333,0.366666667,0.466666667,0.033333333,0.1,0.1,0.2,0,0.5,0.6,0.8,0.566666667,0.267948718,0,0,0.269230769,0.076923077,0,0,0,0.807692308,0.730769231,0.192307692,0,0.076923077,0.384615385,0.923076923,0,0.038461538,0,0.307692308,0.461538,0.076923077,0,0,0.230769231,0,0.692307692,0.576923077,0.923076923,0.461538462,0,,,,,,,,,,,,,,,,,,,,,,,,,,,,,,,0.730769231,0.285502941,
29,Male,39,,,,,,,,Chinese,,,,,,"Bachelor's degree (e.g., Bsc, BA)",Yes,Bilingual (2),British,lion,angela merkel,hip hop,big ben,chocolate,michael jackson,cola,london,mona lisa,new york times,david beckham,joe biden,big ben,harry potter,bbc,david beckham,shaun the sheep,cadbury,the beatles,04/06/2021,everest,pound,christmas,madonna,bondi beach,virgin,fish and chips,rose,football,london,Joe Biden,,,,,,,,,,,,,,,,,,,,,,,,,,,,,,,,,,,,,,,,,,,,,,,,,,,,,,,,,,,,,,,,,,,0.366666667,0.6,0.1,0.166666667,0,0.233333333,0.3,0.5,0.566666667,0.133333333,0.3,0.133333333,0.233333333,0.433333333,0.866666667,0.266666667,0,0.466666667,0.333333333,0,0.466666667,0.7,0.466666667,0.066666667,0.133333333,0.1,0.5,0.6,0.8,0.566666667,0.373076923,0.230769231,0.615384615,0,0.192307692,0,0.076923077,0.5,0.807692308,0.730769231,0,0.153846154,0.076923077,0.346153846,0.923076923,0.076923077,0,0.730769231,0.307692308,0,0.846153846,0.653846154,0.076923077,0.192308,0,0.692307692,0.576923077,0.923076923,0.461538462,0.461538462,,,,,,,,,,,,,,,,,,,,,,,,,,,,,,,0.730769231,0.402366864,
30,Female,35,,,,Any other white background (please describe),Dutch\German\French,,,,,,,,,Secondary school degree or equivalent (e.g. A levels),Yes,Bilingual (2),British,tiger,julia gillard,tango,eiffel tower,hamburger,ricky martin,margarita,denmark,mona lisa,new york times,david beckham,joe biden,the london eye,pride and prejudice,bbc,david beckham,dexter's lab,cadbury,u2,christmas,everest,pound,easter,amy winehouse,brighton,british airways,curry,daffodil,football,paris,Joe BIden,,,,,,,,,,,,,,,,,,,,,,,,,,,,,,,,,,,,,,,,,,,,,,,,,,,,,,,,,,,,,,,,,,,0.266666667,0,0.1,0.266666667,0,0,0.066666667,0,0.566666667,0.133333333,0.3,0.133333333,0,0.033333333,0.866666667,0.266666667,0,0.466666667,0.1,0.366666667,0.466666667,0.7,0,0.1,0.2,0.533333333,0,0,0.8,0.233333333,0.238461538,0.153846154,0,0.269230769,0.076923077,0,0,0,0,0.730769231,0,0.153846154,0,0,0.923076923,0.076923077,0,0.730769231,0,0.461538,0.846153846,0,0,0.230769231,0.538461538,0,0.038461538,0.923076923,0.346153846,0.461538462,,,,,,,,,,,,,,,,,,,,,,,,,,,,,,,0.730769231,0.248520692,
31,Male,29,,,,,,,,,,,,Latin American,,Did not graduate high school,No,Bilingual (2),Global,,,,,,,,,,,,,<bound method StringMethods.lower of <pandas.core.strings.accessor.StringMethods object at 0x7fc2a86e62b0>>,,,,,,,,,,,,,,,,,,,tiger,angela merkel,tango,pyramid of giza,chips,michael jackson,beer,paris,mona lisa,the new york times,lebron james,boris johnson,empire state building,to kill a mockingbird,bbc,lionel messi,the simpsons,hershey's,the beatles,31/12/2021,everest,dollar,christmas,cher,normandy,virgin,pizza,rose,football,paris,0.427,0.427,4.92,1,Joe Biden,0.129032258,0.709677419,0.129032258,0.032258065,0.387096774,0.387096774,0.064516129,0.129032258,0.774193548,0.35483871,0,0.032258065,0.258064516,0,0.516129032,0.387096774,0.096774194,0.096774194,0.225806452,0.096774194,0.677419355,0.866666667,0.580645161,0,0,0.096774194,0.225806452,0.741935484,0.838709677,0.516129032,0.333581472,,,,,,,,,,,,,,,,,,,,,,,,,,,,,,,,,,,,,,,,,,,,,,,,,,,,,,,,,,,,,0.153846154,0.615384615,0.269230769,0,0,0.076923077,0,0,0.730769231,0,0,0.192307692,0.115384615,0,0.923076923,0,0.076923077,0,0.307692308,0,0.730769231,0,0.653846154,0,0,0,0,0.576923077,0.923076923,0.346153846,,,0.24408284
32,Male,24,,,,,,,,,,,,Latin American,,Secondary school degree or equivalent (e.g. A levels),No,Bilingual (2),Global,,,,,,,,,,,,,<bound method StringMethods.lower of <pandas.core.strings.accessor.StringMethods object at 0x7fc2a86e62b0>>,,,,,,,,,,,,,,,,,,,zebra,cristina fernández de kirchner,samba,stonehenge,chips,jon anderson,cola,buenos aires,mona lisa,the new york times,messi,usain bolt,world trade center,harry potter,cnn,lionel messi,spongebob,hershey's,nirvana,24/12/2021,everest,euro,christmas,rihanna,red sea,aerolineas argentinas,fish and chips,rose,football,paris,0.856,1.155,3.396,2,Joe Biden,0,0,0,0,0.387096774,0,0.483870968,0,0.774193548,0.35483871,0.322580645,0,0,0.225806452,0.225806452,0.387096774,0.096774194,0.096774194,0,0,0.677419355,0,0.580645161,0.032258065,0,0,0.161290323,0.741935484,0.838709677,0.516129032,0.253101737,,,,,,,,,,,,,,,,,,,,,,,,,,,,,,,,,,,,,,,,,,,,,,,,,,,,,,,,,,,,,0,0,0.076923077,0.038462,0,0,0.5,0,0.730769231,0,0.038461538,0,0,0.346153846,0,0,0.115385,0,0,0,0.730769231,0.076923077,0.653846154,0,0,0,0.692307692,0.576923077,0.923076923,0.346153846,,,0.217455639
33,Male,51,,,,English/ Welsh/ Scottish / Northern Irish / British,,,,,,,,,,"Bachelor's degree (e.g., Bsc, BA)",Yes,Monolingual (1),Global,,,,,,,,,,,,,<bound method StringMethods.lower of <pandas.core.strings.accessor.StringMethods object at 0x7fc2a86e62b0>>,,,,,,,,,,,,,,,,,,,hyena,angela merkel,salsa,eiffel tower,sandwich,kanye west,cola,london,mona lisa,the new york times,football,angela merkel,big ben,lord of the rings,itv,joe gelhardt,bugs bunny,cadbury,slayer,31/12/2021,himalayas,dollar,marriage,beyonce,phuket,british airways,curry,rose,football,bangkok,1.016,1.016,4.514,1,Joe Biden,0.032258065,0.709677419,0.161290323,0.35483871,0.096774194,0,0.483870968,0.193548387,0.774193548,0.35483871,0.032258065,0.032258065,0,0,0,0,0.064516129,0.161290323,0,0.096774194,0.096774194,0.866666667,0.064516129,0.322580645,0,0.225806452,0,0.741935484,0.838709677,0,0.243010753,,,,,,,,,,,,,,,,,,,,,,,,,,,,,,,,,,,,,,,,,,,,,,,,,,,,,,,,,,,,,0,0.615384615,0,0.076923077,0,0,0.5,0.807692308,0.730769231,0,0.153846154,0,0.076923077,0,0.038461538,0,0.038462,0.730769231,0,0,0,0,0,0.153846154,0,0.538461538,0,0.576923077,0.923076923,0,,,0.199704142
34,Male,33,,,,Any other white background (please describe),French,,,,,,,,,"Master's degree (e.g., MA, Mac)",No,Bilingual (2),Global,,,,,,,,,,,,,<bound method StringMethods.lower of <pandas.core.strings.accessor.StringMethods object at 0x7fc2a86e62b0>>,,,,,,,,,,,,,,,,,,,lion,angela merkel,country dance,the great wall of china,chips,michael jackson,cola,paris,mona lisa,the washington post,michael jordan,angela merkel,empire state building,harry potter,bbc,cristiano ronaldo,batman,lindt,the rolling stones,04/07/2021,everest,dollar,christmas,adele,miami beach,american airlines,pudding,rose,football,paris,0.614,0.614,2.358,1,Joe Biden,0.451612903,0.709677419,0,0,0.387096774,0.387096774,0.483870968,0.129032258,0.774193548,0.064516129,0.096774194,0.032258065,0.258064516,0.225806452,0.516129032,0.451612903,0,0.096774194,0,0,0.677419355,0.866666667,0.580645161,0.225806452,0.225806452,0.129032258,0,0.741935484,0.838709677,0.516129032,0.350951199,,,,,,,,,,,,,,,,,,,,,,,,,,,,,,,,,,,,,,,,,,,,,,,,,,,,,,,,,,,,,0.230769231,0.615384615,0,0,0,0.076923077,0.5,0,0.730769231,0,0,0,0.115384615,0.346153846,0.923076923,0.038461538,0,0,0,0,0.730769231,0,0.653846154,0.307692308,0.038461538,0,0,0.576923077,0.923076923,0.346153846,,,0.273668639
35,I prefer not say,19,,,,Any other white background (please describe),Greek Cypriot,,,,,,,,,Secondary school degree or equivalent (e.g. A levels),No,Bilingual (2),British,elephant,angela merkel,tango,big ben,crisps,elvis presley,beer,london,mona lisa,the sun,lionel messi,donald trump,buckingham palace,harry potter,bbc,harry kane,tom and jerry,cadbury,the beatles,31/10/2021,everest,pound,christmas,amy winehouse,hastings,british airways,fish and chips,dandelion,football,london,Joe Biden,,,,,,,,,,,,,,,,,,,,,,,,,,,,,,,,,,,,,,,,,,,,,,,,,,,,,,,,,,,,,,,,,,,0,0.6,0.1,0.166666667,0.2,0,0.133333333,0.5,0.566666667,0.133333333,0.033333333,0.033333333,0.166666667,0.433333333,0.866666667,0.333333333,0.233333333,0.466666667,0.333333333,0,0.466666667,0.7,0.466666667,0.1,0,0.533333333,0.5,0.033333333,0.8,0.566666667,0.333333333,0,0.615384615,0.269230769,0.192307692,0.692307692,0,0,0.807692308,0.730769231,0.230769231,0.0384262,0.192307692,0.346153846,0.923076923,0.653846154,0.269230769,0.730769231,0.307692308,0,0.846153846,0.653846154,0,0,0.538461538,0.692307692,0,0.923076923,0.461538462,0.192307692,,,,,,,,,,,,,,,,,,,,,,,,,,,,,,,0.730769231,0.414199824,
36,Male,38,,,,Any other white background (please describe),Estonian,,,,,,,,,"Bachelor's degree (e.g., Bsc, BA)",No,Bilingual (2),Global,,,,,,,,,,,,,<bound method StringMethods.lower of <pandas.core.strings.accessor.StringMethods object at 0x7fc2a86e62b0>>,,,,,,,,,,,,,,,,,,,wolf,angela merkel,waltz,mountain,chips,elvis presley,cola,london,mona lisa,the times,messi,joe biden,empire state building,the bible,cnn,cristiano ronaldo,shrek,hershey's,the beatles,01/01/2021,everest,dollar,christmas,madonna,copacabana,lufthansa,burger,rose,football,paris,0.467,0.467,4.456,1,Joe Biden,0.064516129,0.709677419,0.032258065,0,0.387096774,0.064516129,0.483870968,0.193548387,0.774193548,0.322580645,0.322580645,0.290322581,0.258064516,0.290322581,0.225806452,0.451612903,0,0.096774194,0.225806452,0.193548387,0.677419355,0.866666667,0.580645161,0.096774194,0.064516129,0.032258065,0.096774194,0.741935484,0.838709677,0.516129032,0.355913978,,,,,,,,,,,,,,,,,,,,,,,,,,,,,,,,,,,,,,,,,,,,,,,,,,,,,,,,,,,,,0.038461538,0.615384615,0.076923077,0,0,0,0.5,0.807692308,0.730769231,0.192307692,0.038461538,0.461538462,0.115384615,0.384615385,0,0.038461538,0,0,0.307692308,0,0.730769231,0,0.653846154,0.076923077,0,0,0,0.576923077,0.923076923,0.346153846,,,0.289940828
37,Male,35,,,,English/ Welsh/ Scottish / Northern Irish / British,,White and Black Caribbean,,,,,,,,"Master's degree (e.g., MA, Mac)",Yes,Bilingual (2),Global,,,,,,,,,,,,,<bound method StringMethods.lower of <pandas.core.strings.accessor.StringMethods object at 0x7fc2a86e62b0>>,,,,,,,,,,,,,,,,,,,elephant,angela merkel,pop,east,popcorns,chayanne,soda,new york,mona lisa,the new york times,messi,joe biden,liberty statue,the middle,nbc,greidi,looney tunes,kiss,strokes,may,everest,dollar,halloween,adele,bahamas,american airlines,soup,giras,football,paris,1.089,1.335,6.761,2,Joe Biden,0.032258065,0.709677419,0,0,0,0,0,0.258064516,0.774193548,0.35483871,0.322580645,0.290322581,0,0,0.064516129,0,0.032258065,0,0,0,0.677419355,0.866666667,0,0.225806452,0,0.129032258,0,0,0.838709677,0.516129032,0.221918941,,,,,,,,,,,,,,,,,,,,,,,,,,,,,,,,,,,,,,,,,,,,,,,,,,,,,,,,,,,,,0,0.615384615,0,0,0,0,0,0,0.730769231,0,0.038461538,0.461538462,0,0,0,0,0.038461538,0,0,0,0.730769231,0,0,0.307692308,0,0,0,0,0.923076923,0.346153846,,,0.159763314
38,Male,42,,,,English/ Welsh/ Scottish / Northern Irish / British,,,,,,,,,,Secondary school degree or equivalent (e.g. A levels),Yes,Monolingual (1),British,tiger,kamala harris,flossing,stonehenge,crisps,tom jones,coffee,london,mona lisa,new york times,tim henman,boris johnson,the shard,harry potter,bbc,david beckham,flinstones,cadbury,coldplay,christmas,snowdon,pound,birthday,adele,newquay,easyjet,sunday roast,rose,football,london,Joe Biden,,,,,,,,,,,,,,,,,,,,,,,,,,,,,,,,,,,,,,,,,,,,,,,,,,,,,,,,,,,,,,,,,,,0.266666667,0,0,0.033333333,0.2,0,0.033333333,0.5,0.566666667,0.133333333,0,0.266666667,0.066666667,0.433333333,0.866666667,0.266666667,0,0.466666667,0,0.366666667,0.1,0.7,0.066666667,0.2,0,0.066666667,0.033333333,0.6,0.8,0.566666667,0.274358974,0.153846154,0,0,0.038462,0.692307692,0.038461538,0.076923077,0.807692308,0.730769231,0,0,0.076923077,0.346153846,0.923076923,0.076923077,0,0.730769231,0.038461538,0.461538,0.846153846,0.192307692,0.307692308,0,0.230769231,0,0.576923077,0.923076923,0.461538462,0.192307692,,,,,,,,,,,,,,,,,,,,,,,,,,,,,,,0.115384615,0.319526627,
39,Female,68,,,,English/ Welsh/ Scottish / Northern Irish / British,,,,,,,,,,"Doctoral degree (e.g., PhD, MD, etc.)",Yes,Multilingual (more than 2),Global,,,,,,,,,,,,,<bound method StringMethods.lower of <pandas.core.strings.accessor.StringMethods object at 0x7fc2a86e62b0>>,,,,,,,,,,,,,,,,,,,tiger,angela merkel,hip hop,statue of liberty,pizza,sinatra,cola,paris,mona lisa,the times,messi,vladimir putin,buckingham palace,the bible,bbc,lionel messi,the simpsons,nestle,the beatles,01/05/2021,everest,dollar,new year,adele,palm beach,british airways,pizza,rose,football,london,2.056,2.056,11.519,1,Joe Biden,0.129032258,0.709677419,0.129032258,0.161290323,0,0,0.483870968,0.129032258,0.774193548,0.322580645,0.322580645,0.096774194,0.032258065,0.290322581,0.516129032,0.387096774,0.096774194,0.032258065,0.225806452,0,0.677419355,0.866666667,0.161290323,0.225806452,0.032258065,0.225806452,0.225806452,0.741935484,0.838709677,0.129032258,0.324896609,,,,,,,,,,,,,,,,,,,,,,,,,,,,,,,,,,,,,,,,,,,,,,,,,,,,,,,,,,,,,0.153846154,0.615384615,0,0,0,0,0.5,0,0.730769231,0.192307692,0.038461538,0,0.192307692,0.384615385,0.923076923,0,0.076923077,0,0.307692308,0,0.730769231,0,0,0.307692308,0,0.538461538,0,0.576923077,0.923076923,0.461538462,,,0.291420118
40,Female,36,,,,,,Any other mixed / multiple ethnic background (please describe),,,,African,,,,"Bachelor's degree (e.g., Bsc, BA)",No,Multilingual (more than 2),Global,,,,,,,,,,,,,<bound method StringMethods.lower of <pandas.core.strings.accessor.StringMethods object at 0x7fc2a86e62b0>>,,,,,,,,,,,,,,,,,,,lion,angela merkel,hip hop,eiffel tower,biscuits,michael jackson,water,nairobi,mona lisa,the times,kipchoge keino,donald trump,times tower,the bible,cnn,cristiano ronaldo,mickey mouse,ferrero rocher,boyz to men,01/01/2021,mount kilimanjaro,dollar,christmas,beyonce,florida,virgin,rice,rose,tennis,mombasa,3.419,3.419,7.901,1,Joe Biden,0.451612903,0.709677419,0.129032258,0.35483871,0.032258065,0.387096774,0.096774194,0.032258065,0.774193548,0.322580645,0,0.064516129,0,0.290322581,0.225806452,0.451612903,0.096774194,0.064516129,0,0.193548387,0.032258065,0.866666667,0.580645161,0.322580645,0.032258065,0.096774194,0,0.741935484,0.032258065,0,0.255417701,,,,,,,,,,,,,,,,,,,,,,,,,,,,,,,,,,,,,,,,,,,,,,,,,,,,,,,,,,,,,0.230769231,0.615384615,0,0.076923077,0.038461538,0.076923077,0,0,0.730769231,0.192307692,0,0.192307692,0,0.384615385,0,0.038461538,0.038461538,0,0,0,0,0,0.653846154,0.153846154,0,0,0,0.576923077,0,0,,,0.152366864
41,Male,29,,,,,,,,Indian,,,,,,"Bachelor's degree (e.g., Bsc, BA)",No,Bilingual (2),British,tiger,hillary clinton,ballet,stonehenge,chips,ed sheeran,vodka,london,mona lisa,the guardian,david beckham,boris johnson,buckingham palace,harry potter,bbc,david beckham,mickey mouse,cadbury,the beatles,christmas,ben nevis,pound,christmas,dua lipa,fistral beach,british airways,fish and chips,tulips,football,london,Joe Biden,,,,,,,,,,,,,,,,,,,,,,,,,,,,,,,,,,,,,,,,,,,,,,,,,,,,,,,,,,,,,,,,,,,0.266666667,0.066666667,0.1,0.033333333,0.333333333,0.033333333,0,0.5,0.566666667,0.2,0.3,0.266666667,0.166666667,0.433333333,0.866666667,0.266666667,0.033333333,0.466666667,0.333333333,0.366666667,0.133333333,0.7,0.466666667,0.033333333,0,0.533333333,0.5,0.066666667,0.8,0.566666667,0.338461538,0.153846154,0.076923077,0,0.038462,0,0.076923077,0,0.807692308,0.730769231,0.038461538,0.153846154,0.192307692,0.346153846,0.923076923,0.076923077,0.038461538,0.730769231,0.307692308,0.461538,0.846153846,0.653846154,0,0,0.538461538,0.692307692,0,0.923076923,0.461538462,0.192307692,,,,,,,,,,,,,,,,,,,,,,,,,,,,,,,0.076923077,0.337278107,
42,Male,30,,,,,,,,Indian,,,,,,"Master's degree (e.g., MA, Mac)",Yes,Multilingual (more than 2),Global,,,,,,,,,,,,,<bound method StringMethods.lower of <pandas.core.strings.accessor.StringMethods object at 0x7fc2a86e62b0>>,,,,,,,,,,,,,,,,,,,tiger,angela merkel,ballet,taj mahal,avocado toast,michael jackson,mojito,paris,water lilies,the times,joe root,nelson mandela,eiffle tower,the four winds,bbc,lionel messi,tom and jerry,ferrero rocher,abba,29,andes,dollar,new year,barbra streisand,miami beach,emirates,burger,lotus,football,london,0.714,0.714,8.787,1,Joe Biden,0.129032258,0.709677419,0.032258065,0,0,0.387096774,0.032258065,0.129032258,0,0.322580645,0,0.032258065,0,0,0.516129032,0.387096774,0.193548387,0.064516129,0.064516129,0,0,0.866666667,0.161290323,0.032258065,0.225806452,0.032258065,0.096774194,0,0.838709677,0.129032258,0.192142266,,,,,,,,,,,,,,,,,,,,,,,,,,,,,,,,,,,,,,,,,,,,,,,,,,,,,,,,,,,,,0.153846154,0.615384615,0,0,0,0.076923077,0,0,0,0.192307692,0,0,0,0,0.923076923,0,0.269230769,0,0,0,0,0,0,0,0.038461538,0,0,0,0.923076923,0.461538462,,,0.128698225
43,Male,30,,,,English/ Welsh/ Scottish / Northern Irish / British,,,,,,,,,,"Bachelor's degree (e.g., Bsc, BA)",Yes,Bilingual (2),British,tiger,angela merkel,hip hop,the british museum,cobra,elton jhon,beer,london,mona lisa,the guardian,david beckham,boris johnson,buckingham palace,jane ayre,bbc,harry kane,tom and jerry,ferrero rocher,the beatles,christmas,everest,dollar,birthday,adele,blackpool beach,british airways,bangers and mash,rose,football,liverpool,Joe Biden,,,,,,,,,,,,,,,,,,,,,,,,,,,,,,,,,,,,,,,,,,,,,,,,,,,,,,,,,,,,,,,,,,,0.266666667,0.6,0.1,0,0,0.033333333,0.133333333,0.5,0.566666667,0.2,0.3,0.266666667,0.166666667,0,0.866666667,0.333333333,0.233333333,0.1,0.333333333,0.366666667,0.466666667,0.2,0.066666667,0.2,0,0.533333333,0.033333333,0.6,0.8,0,0.301282051,0.153846154,0.615384615,0,0,0,0.076923,0,0.807692308,0.730769231,0.038461538,0.153846154,0.192307692,0,0.923076923,0.653846154,0.269230769,0,0.307692308,0.461538,0,0.192307692,0.307692308,0.038462,0.538461538,0,0.576923077,0.923076923,0,0.192307692,,,,,,,,,,,,,,,,,,,,,,,,,,,,,,,0.730769231,0.329881636,
44,Female,39,,,,,,,,,,African,,,,"Bachelor's degree (e.g., Bsc, BA)",Yes,Bilingual (2),Global,,,,,,,,,,,,,<bound method StringMethods.lower of <pandas.core.strings.accessor.StringMethods object at 0x7fc2a86e62b0>>,,,,,,,,,,,,,,,,,,,lion,sanna marin,jazz,statue of liberty,sweet snack,michael jackson,martini,washington,michelangelo – prisoners,wall street journal,michael jordan,nelson mandela,guoco tower,war and peace by leo tolstoy,bbc,cristiano ronaldo,mickey mouse,lindt,the allman brothers band,24,mount kilimanjaro,dollar,christmas,maria carey,starfish beach,american airlines,pizza,rose,football,thailand,3.519,79.51,81.881,3,Joe Biden,0.451612903,0,0.096774194,0.161290323,0,0.387096774,0,0,0,0,0.096774194,0.032258065,0,0,0.516129032,0.451612903,0.096774194,0.096774194,0,0,0.032258065,0.866666667,0.580645161,0,0,0.129032258,0.225806452,0.741935484,0.838709677,0,0.19834574,,,,,,,,,,,,,,,,,,,,,,,,,,,,,,,,,,,,,,,,,,,,,,,,,,,,,,,,,,,,,0.230769231,0,0,0,0,0.076923077,0,0,0,0,0,0,0,0,0.923076923,0.038461538,0.038461538,0,0,0,0,0,0.653846154,0,0,0,0,0.576923077,0.923076923,0,,,0.131656805
45,Male,32,,,,Any other white background (please describe),French,,,,,,,,,"Master's degree (e.g., MA, Mac)",No,Multilingual (more than 2),Global,,,,,,,,,,,,,<bound method StringMethods.lower of <pandas.core.strings.accessor.StringMethods object at 0x7fc2a86e62b0>>,,,,,,,,,,,,,,,,,,,lion,angela merkel,tango,eiffel tower,oreo,michael jackson,beer,new york,mona lisa,the new york times,cristiano ronaldo,joe biden,buckingham palace,the bible,bbc,cristiano ronaldo,spongebob,lindt,bts,31/12/2021,everest,dollar,christmas,beyonce,copacabana,british airways,tikka masala,rose,football,paris,0.877,0.877,3.288,1,Joe Biden,0.451612903,0.709677419,0.129032258,0.35483871,0,0.387096774,0.064516129,0.258064516,0.774193548,0.35483871,0.096774194,0.290322581,0.032258065,0.290322581,0.516129032,0.451612903,0.096774194,0.096774194,0,0.096774194,0.677419355,0.866666667,0.580645161,0.322580645,0.064516129,0.225806452,0,0.741935484,0.838709677,0.516129032,0.362117452,,,,,,,,,,,,,,,,,,,,,,,,,,,,,,,,,,,,,,,,,,,,,,,,,,,,,,,,,,,,,0.230769231,0.615384615,0.269230769,0.076923077,0,0.076923077,0,0,0.730769231,0,0.076923077,0.461538462,0.192307692,0.384615385,0.923076923,0.038461538,0.115385,0,0,0,0.730769231,0,0.653846154,0.153846154,0,0.538461538,0,0.576923077,0.923076923,0.346153846,,,0.297337278
46,Male,25,,,,,,,,,,,,Arab,,"Bachelor's degree (e.g., Bsc, BA)",Yes,Bilingual (2),British,lion,angela merkel,samba,pyramids of giza,oreo,michael jackson,cola,london,mona lisa,the guardian,mo salah,nelson mandela,st paul's cathedral,7 habits of highly effective people ,bbc,lionel messi,tom and jerry,kitkat,bts,01/01/2021,everest,pound,christmas,madonna,woolacombe beach,british airways,haggis,lily,football,london,joe biden,,,,,,,,,,,,,,,,,,,,,,,,,,,,,,,,,,,,,,,,,,,,,,,,,,,,,,,,,,,,,,,,,,,0.366666667,0.6,0,0.033333333,0,0.233333333,0.3,0.5,0.566666667,0.2,0,0.033333333,0,0,0.866666667,0.133333333,0.233333333,0.066666667,0.033333333,0.033333333,0.466666667,0.7,0.466666667,0.066666667,0.066666667,0.533333333,0,0.033333333,0.8,0.566666667,0.28974359,0.230769231,0.615384615,0.076923077,0,0,0.076923077,0.5,0.807692308,0.730769231,0.038461538,0,0,0,0.923076923,0,0.269230769,0,0,0,0.846153846,0.653846154,0.076923077,0,0.538461538,0,0.038461538,0.923076923,0.461538462,0,,,,,,,,,,,,,,,,,,,,,,,,,,,,,,,0.730769231,0.315088757,
47,Female,24,,,,,,,,Any other Asian background (please describe),HONG KONG,,,,,"Doctoral degree (e.g., PhD, MD, etc.)",No,Multilingual (more than 2),Global,,,,,,,,,,,,,<bound method StringMethods.lower of <pandas.core.strings.accessor.StringMethods object at 0x7fc2a86e62b0>>,,,,,,,,,,,,,,,,,,,lion,angela merkel,jazz,eiffel tower,chips,michael jackson,water,hong kong,mona lisa,the new york times,messi,barack obama,taipei 101,the bible,bbc,lionel messi,doraemon,lindt,the beatles,01/01/2021,himalayas,dollar,christmas,adele,long beach,united,fish and chips,rose,football,london,0.931,0.931,4.136,1,biden,0.451612903,0.709677419,0.096774194,0.35483871,0.387096774,0.387096774,0.096774194,0.032258065,0.774193548,0.35483871,0.322580645,0.064516129,0,0.290322581,0.516129032,0.387096774,0,0.096774194,0.225806452,0.193548387,0.096774194,0.866666667,0.580645161,0.225806452,0,0,0.161290323,0.741935484,0.838709677,0.129032258,0.31993383,,,,,,,,,,,,,,,,,,,,,,,,,,,,,,,,,,,,,,,,,,,,,,,,,,,,,,,,,,,,,0.230769231,0.615384615,0,0.076923077,0,0.076923077,0,0,0.730769231,0,0.038461538,0,0,0.384615385,0.923076923,0,0,0,0.307692308,0,0,0,0.653846154,0.307692308,0,0,0.692307692,0.576923077,0.923076923,0.461538462,,,0.269230769
48,Male,25,Hong Kong,,,,,,,Any other Asian background (please describe),Hong Konger,,,,,"Bachelor's degree (e.g., Bsc, BA)",No,Multilingual (more than 2),Global,,,,,,,,,,,,,<bound method StringMethods.lower of <pandas.core.strings.accessor.StringMethods object at 0x7fc2a86e62b0>>,,,,,,,,,,,,,,,,,,,shark,angela merkel,rock,hong kong island,snake eyes,michael jackson,cola,hong kong,mona lisa,星島,faker (lck league of legend),xi da da,101 tower,alice in the wonderland,viu tv,lionel messi,spongebob,kitkat,j pop,9 10,everest,hkd,birthday,taylor swift,st beach,cx pacific,fish and chips,rose,volleyball,tokyo,0.47,0.47,12.884,1,Biden,0,0.709677419,0,0,0,0.387096774,0.483870968,0.032258065,0.774193548,0,0,0,0,0,0,0.387096774,0.096774194,0,0,0,0.677419355,0,0.064516129,0,0,0,0.161290323,0.741935484,0,0,0.158808933,,,,,,,,,,,,,,,,,,,,,,,,,,,,,,,,,,,,,,,,,,,,,,,,,,,,,,,,,,,,,0,0.615384615,0,0,0,0.076923077,0.5,0,0.730769231,0,0,0,0,0,0,0,0.115385,0,0,0,0.730769231,0,0.192307692,0,0,0,0.692307692,0.576923077,0,0,,,0.158284024
49,Female,30,Hong Kong,Hong Kong,,,,,,Chinese,,,,,,"Master's degree (e.g., MA, Mac)",No,Multilingual (more than 2),British,horse,angela merkel,funky,big ben,chips,jayz,cola,paris,mona lisa,the sun,leonardo the tennis player,barack obama ,pentagon,harry potter,nbc,i dont know,tom and jerry,kimberly,i dont know,christmas,alps,pound,christmas,beyonce,bondi beach,british airways,fish and chips,tulips,football,london,Trump,,,,,,,,,,,,,,,,,,,,,,,,,,,,,,,,,,,,,,,,,,,,,,,,,,,,,,,,,,,,,,,,,,,0,0.6,0,0.166666667,0.333333333,0,0.3,0.033333333,0.566666667,0.133333333,0,0.1,0,0.433333333,0.033333333,0,0.233333333,0,0,0.366666667,0.033333333,0.7,0.466666667,0.1,0.133333333,0.533333333,0.5,0.066666667,0.8,0.566666667,0.262820513,0,0.615384615,0,0.192307692,0,0,0.5,0,0.730769231,0.230769231,0,0,0.346153846,0,0,0.269230769,0,0,0.461538,0.846153846,0.653846154,0.153846154,0.192308,0.538461538,0.692307692,0,0.923076923,0.461538462,0,,,,,,,,,,,,,,,,,,,,,,,,,,,,,,,0,0.282544361,
50,Male,30,Hong Kong,Hong Kong,,Any other white background (please describe),hong kong asian,Any other mixed / multiple ethnic background (please describe),,Chinese,,,,,,"Bachelor's degree (e.g., Bsc, BA)",Yes,Bilingual (2),British,piegon,nancy pelosi,jazz,big ben,chips,elton jhon,cola,hong kong,the starry night,the guardian,lance armstrong,angela merkel,the shard,harry potter,bbc,david beckham,spongebob,cadbury,u2,1,the peak,pound,queen birthday,lady gaga,bondi beach,british airways,fish and chips,sunflower,football,london,Joe Biden,,,,,,,,,,,,,,,,,,,,,,,,,,,,,,,,,,,,,,,,,,,,,,,,,,,,,,,,,,,,,,,,,,,0,0,0.033333333,0.166666667,0.333333333,0.033333333,0.3,0,0.1,0.2,0,0,0.066666667,0.433333333,0.866666667,0.266666667,0.033333333,0.466666667,0.1,0,0,0.7,0,0,0.133333333,0.533333333,0.5,0.033333333,0.8,0.566666667,0.230769231,0,0,0,0.192307692,0,0.076923,0.5,0,0,0.038461538,0,0.076923077,0.346153846,0.923076923,0.076923077,0.11538,0.730769231,0,0,0.846153846,0,0.076923077,0.192308,0.538461538,0.692307692,0,0.923076923,0.461538462,0,,,,,,,,,,,,,,,,,,,,,,,,,,,,,,,0,0.221893488,
51,Female,29,Chinese,China ,,,,,,Chinese,,,,,,"Master's degree (e.g., MA, Mac)",No,Bilingual (2),Global,,,,,,,,,,,,,<bound method StringMethods.lower of <pandas.core.strings.accessor.StringMethods object at 0x7fc2a86e62b0>>,,,,,,,,,,,,,,,,,,,tiger,angela merkel,jazz,statue of liberty,cobra,michael jackson,cola,new york,mona lisa,the new york times,michael jordan,donald trump,empire state building,one hundred years of solitude,bbc,cristiano ronaldo,peppa pig,dove,one direction,christmas,everest,dollar,christmas,adele,los angeles,boeing,english breakfirst,rose,football,paris,1.183,1.183,12.819,1,jeo biden,0.129032258,0.709677419,0.096774194,0.161290323,0.032258065,0.387096774,0.483870968,0.258064516,0.774193548,0.35483871,0.096774194,0.064516129,0.258064516,0,0.516129032,0.451612903,0,0.032258065,0.064516129,0.161290323,0.677419355,0.866666667,0.580645161,0.225806452,0,0,0,0.741935484,0.838709677,0.516129032,0.329859388,,,,,,,,,,,,,,,,,,,,,,,,,,,,,,,,,,,,,,,,,,,,,,,,,,,,,,,,,,,,,0.153846154,0.615384615,0,0,0,0.076923077,0.5,0,0.730769231,0,0,0.192307692,0.115384615,0,0.923076923,0.038461538,0.038461538,0,0,0.461538,0.730769231,0,0.653846154,0.307692308,0,0,0,0.576923077,0.923076923,0.346153846,,,0.282544361
52,Female,50,,,,,,,,,,African,,,,"Master's degree (e.g., MA, Mac)",Yes,Multilingual (more than 2),Global,,,,,,,,,,,,,<bound method StringMethods.lower of <pandas.core.strings.accessor.StringMethods object at 0x7fc2a86e62b0>>,,,,,,,,,,,,,,,,,,,lion,angela merkel,salsa,statue of liberty,sandwich,luther vandross,mojito,nairobi,mona lisa,the new york times,serena williams,joe biden,trump tower,pride and prejudice,cnn,micheal vick,duffy duck,cadbury,maroon 5,11/09/2021,everest,dollar,christmas,adele,miami beach,british airways,pizza,rose,tennis,paris,3.688,3.688,6.888,1,Joe Biden,0.451612903,0.709677419,0.161290323,0.161290323,0.096774194,0,0.032258065,0.032258065,0.774193548,0.35483871,0,0.290322581,0,0.032258065,0.225806452,0,0,0.161290323,0,0,0.677419355,0.866666667,0.580645161,0.225806452,0.225806452,0.225806452,0.225806452,0.741935484,0.032258065,0.516129032,0.293879239,,,,,,,,,,,,,,,,,,,,,,,,,,,,,,,,,,,,,,,,,,,,,,,,,,,,,,,,,,,,,0.230769231,0.615384615,0,0,0,0,0,0,0.730769231,0,0,0.461538462,0,0,0,0,0.038462,0.730769231,0,0,0.730769231,0,0.653846154,0.307692308,0.038461538,0.538461538,0,0.576923077,0,0.346153846,,,0.199704142
53,Female,35,Chilena,Chile,,,,,,,,,,Latin American,,"Master's degree (e.g., MA, Mac)",No,Monolingual (1),British,zebra,angela merkel,salsa,pacific ocean,chips,david bowie,beer,bogota,the starry night,the washington post,david beckham,barack obama ,big ben,harry potter,nbc,david beckham,peppa pig,ferrero rocher,pink floyd,12/06/2021,andes,pound,christmas,dua lipa,maui,british airways,fish and chips,tulips,football,london,Biden,,,,,,,,,,,,,,,,,,,,,,,,,,,,,,,,,,,,,,,,,,,,,,,,,,,,,,,,,,,,,,,,,,,0,0.6,0.066666667,0,0.333333333,0,0.133333333,0,0.1,0,0.3,0.1,0.233333333,0.433333333,0.033333333,0.266666667,0,0.1,0,0,0,0.7,0.466666667,0.033333333,0,0.533333333,0.5,0.066666667,0.8,0.566666667,0.238461538,0,0.615384615,0,0,0,0,0,0,0,0,0.153846154,0.076923077,0.346153846,0,0.076923077,0.038461538,0,0,0,0.846153846,0.653846154,0,0,0.538461538,0.692307692,0,0.923076923,0.461538462,0,,,,,,,,,,,,,,,,,,,,,,,,,,,,,,,0,0.207100592,
54,Female,23,Zambian ,Zambia ,,,,,,,,African,,,,"Bachelor's degree (e.g., Bsc, BA)",No,Multilingual (more than 2),Global,,,,,,,,,,,,,<bound method StringMethods.lower of <pandas.core.strings.accessor.StringMethods object at 0x7fc2a86e62b0>>,,,,,,,,,,,,,,,,,,,lion,jacinda ardern,nae nae,victoria falls,chips,ed sheeran,tea,kampala,mona lisa,the times,messi,barack obama,empire state building,harry potter,bbc,lionel messi,tom and jerry,cadbury,coldplay,24/10/2021,everest,dollar,christmas,beyonce,miami beach,british airways,chicken,rose,football,paris,1.447,1.447,6.943,1,Joe Biden,0.451612903,0,0,0,0.387096774,0,0.032258065,0,0.774193548,0.322580645,0.322580645,0.064516129,0.258064516,0.225806452,0.516129032,0.387096774,0.193548387,0.161290323,0.032258065,0,0.677419355,0.866666667,0.580645161,0.322580645,0.225806452,0.225806452,0.032258065,0.741935484,0.838709677,0.516129032,0.329859388,,,,,,,,,,,,,,,,,,,,,,,,,,,,,,,,,,,,,,,,,,,,,,,,,,,,,,,,,,,,,0.230769231,0,0,0,0,0.076923077,0.115384615,0,0.730769231,0.192307692,0.038461538,0,0.115384615,0.346153846,0.923076923,0,0.269230769,0.730769231,0.038461538,0,0.730769231,0,0.653846154,0.153846154,0.038461538,0.538461538,0,0.576923077,0.923076923,0.346153846,,,0.25887574
55,Male,24,Hong Kong,United States,,,,,,Chinese,,,,,,"Master's degree (e.g., MA, Mac)",No,Multilingual (more than 2),Global,,,,,,,,,,,,,<bound method StringMethods.lower of <pandas.core.strings.accessor.StringMethods object at 0x7fc2a86e62b0>>,,,,,,,,,,,,,,,,,,,boar,angela merkel,salsa,eiffel tower,chips,justin bieber,cola,london,mona lisa,the times,messi,joe biden,empire state building,harry potter,bbc,cristiano ronaldo,rick and morty,cadbury,one direction,01/01/2021,everest,pound,christmas,beyonce,bondi beach,delta,fish and chips,sunflower,football,london,0.765,0.765,2.735,1,Joe Biden,0,0.709677419,0.161290323,0.35483871,0.387096774,0.096774194,0.483870968,0.193548387,0.774193548,0.322580645,0.322580645,0.290322581,0.258064516,0.225806452,0.516129032,0.451612903,0,0.161290323,0.064516129,0.193548387,0.677419355,0.033333333,0.580645161,0.322580645,0,0.032258065,0.161290323,0.032258065,0.838709677,0.129032258,0.297808106,,,,,,,,,,,,,,,,,,,,,,,,,,,,,,,,,,,,,,,,,,,,,,,,,,,,,,,,,,,,,0,0.615384615,0,0.076923077,0,0.115384615,0.5,0.807692308,0.730769231,0.192307692,0.038461538,0.461538462,0.115384615,0.346153846,0.923076923,0.038461538,0,0.730769231,0,0,0.730769231,0.846153846,0.653846154,0.153846154,0.192308,0,0.692307692,0,0.923076923,0.461538462,,,0.362426035
56,Female,32,Zimbabwean,Zimbabwe,,,,White and Black African,,,,,,,,"Master's degree (e.g., MA, Mac)",Yes,Bilingual (2),British,leopard,angela merkel,gangam style,eiffel tower,crisps,harry styles,cola,london,the starry night,the sun,david beckham,boris johnson,buckingham palace,the bible,bbc,cristiano ronaldo,garfield,cadbury,one direction,christmas,everest,pound,christmas,adele,brighton,british airways,fish and chips,rose,football,london,joe biden,,,,,,,,,,,,,,,,,,,,,,,,,,,,,,,,,,,,,,,,,,,,,,,,,,,,,,,,,,,,,,,,,,,0,0.6,0,0.266666667,0.2,0,0.3,0.5,0.1,0.133333333,0.3,0.266666667,0.166666667,0.066666667,0.866666667,0.066666667,0,0.466666667,0.033333333,0.366666667,0.466666667,0.7,0.466666667,0.2,0.2,0.533333333,0.5,0.6,0.8,0.566666667,0.348717949,0,0.615384615,0,0.076923077,0.692307692,0,0.5,0.807692308,0,0.230769231,0.153846154,0.192307692,0.384615385,0.923076923,0.038461538,0,0.730769231,0,0.461538,0.846153846,0.653846154,0.307692308,0.230769231,0.538461538,0.692307692,0.576923077,0.923076923,0.461538462,0.192307692,,,,,,,,,,,,,,,,,,,,,,,,,,,,,,,0.730769231,0.423076905,
57,Female,29,Chinese,China ,,,,,,Chinese,,,,,,"Master's degree (e.g., MA, Mac)",No,Bilingual (2),British,tiger,margaret thatcher,blues,buckingham palace,chips,justin bieber,coffee,london,the starry night,the times,michael jordan,donald trump,big ben,pride and prejudice,bbc,david beckham,donald duck,cadbury,westlife,christmas,himalayas,pound,wedding,britney spears,beadnell beach,british airways,bangers and mash,rose,football,london,Joseph Biden,,,,,,,,,,,,,,,,,,,,,,,,,,,,,,,,,,,,,,,,,,,,,,,,,,,,,,,,,,,,,,,,,,,0.266666667,0.033333333,0,0,0.333333333,0.1,0.033333333,0.5,0.1,0.1,0,0.033333333,0.233333333,0.033333333,0.866666667,0.266666667,0,0.466666667,0,0.366666667,0,0.7,0,0.033333333,0,0.533333333,0.033333333,0.6,0.8,0.566666667,0.251282051,0.153846154,0,0,0.038461538,0,0.115384615,0.076923077,0.807692308,0,0.192307692,0,0.076923077,0,0.923076923,0.076923077,0,0.730769231,0,0.461538,0.846153846,0,0,0,0.538461538,0,0.576923077,0.923076923,0.461538462,0.192307692,,,,,,,,,,,,,,,,,,,,,,,,,,,,,,,0,0.248520692,
58,Male,30,Chinese,China ,,,,,,Chinese,,,,,,"Master's degree (e.g., MA, Mac)",No,Bilingual (2),Global,,,,,,,,,,,,,<bound method StringMethods.lower of <pandas.core.strings.accessor.StringMethods object at 0x7fc2a86e62b0>>,,,,,,,,,,,,,,,,,,,elephant,angela merkel,ballet,eiffel tower,crisps,michael jackson,cola,new york,mona lisa,the times,messi,donald trump,white house,the communist manifesto,bbc,lionel messi,spongebob,dove,the beatles,christmas,everest,dollar,christmas,madonna,hawaii,delta,burger,chrysanthemum,football,hawaii,0.961,0.961,41.232,1,jeo biden,0.032258065,0.709677419,0.032258065,0.35483871,0.064516129,0.387096774,0.483870968,0.258064516,0.774193548,0.322580645,0.322580645,0.064516129,0.129032258,0,0.516129032,0.387096774,0.096774194,0.032258065,0.225806452,0.161290323,0.677419355,0.866666667,0.580645161,0.096774194,0,0.032258065,0.096774194,0,0.838709677,0,0.282712986,,,,,,,,,,,,,,,,,,,,,,,,,,,,,,,,,,,,,,,,,,,,,,,,,,,,,,,,,,,,,0,0.615384615,0,0.076923077,0.692307692,0.076923077,0.5,0,0.730769231,0.192307692,0.038461538,0.192307692,0.076923077,0,0.923076923,0,0.115385,0,0.307692308,0.461538,0.730769231,0,0.653846154,0.076923077,0.038461538,0,0,0,0.923076923,0,,,0.279585781
59,Male,29,Kenyan,Kenya,,,,,,,,African,,,,"Bachelor's degree (e.g., Bsc, BA)",Yes,Bilingual (2),Global,,,,,,,,,,,,,<bound method StringMethods.lower of <pandas.core.strings.accessor.StringMethods object at 0x7fc2a86e62b0>>,,,,,,,,,,,,,,,,,,,lion,angela merkel,break dance,mt everest,chips,justin bieber,cola,new york,picasso,the new york times,messi,joe biden,burj khalifa,romeo and juliet,cnn,lionel messi,tom and jerry,godiva,one direction,christmas,everest,dollar,christmas,beyonce,miami beach,virgin,chicken,rose,football,napels,1.114,1.114,18.235,1,Joe Biden,0.451612903,0.709677419,0,0,0.387096774,0.096774194,0.483870968,0.258064516,0,0.35483871,0.322580645,0.290322581,0.032258065,0,0.225806452,0.387096774,0.193548387,0,0.064516129,0.161290323,0.677419355,0.866666667,0.580645161,0.322580645,0.225806452,0.096774194,0.032258065,0.741935484,0.838709677,0,0.321174524,,,,,,,,,,,,,,,,,,,,,,,,,,,,,,,,,,,,,,,,,,,,,,,,,,,,,,,,,,,,,0.230769231,0.615384615,0,0,0,0.115384615,0.5,0,0,0,0.038461538,0.461538462,0,0,0,0,0.269230769,0,0,0.461538,0.730769231,0,0.653846154,0.153846154,0.038461538,0,0,0.576923077,0.923076923,0,,,0.210059154
60,Male,39,Indonesia,Indonesia,,,,White and Asian,,Any other Asian background (please describe),Buginese,,,,,Secondary school degree or equivalent (e.g. A levels),No,Multilingual (more than 2),Global,,,,,,,,,,,,,<bound method StringMethods.lower of <pandas.core.strings.accessor.StringMethods object at 0x7fc2a86e62b0>>,,,,,,,,,,,,,,,,,,,hyena,margaret thatcher,jaipong,eiffel tower,chips,elvis presley,gatorade,liverpool,mona lisa,the times,mohammad salah,jokowi,pyramid,the godfather,cbn,ibrahima konate,the simpsons,toblerone,weezer,24/08/2021,fuji,dollar,marriage,adele,miami beach,virgin,caviar,tulips,football,rome,1.319,1.319,9.581,1,Joe Biden,0.032258065,0.032258065,0,0.35483871,0.387096774,0.064516129,0,0,0.774193548,0.322580645,0,0,0,0,0,0,0.096774194,0,0,0,0.032258065,0.866666667,0.064516129,0.225806452,0.225806452,0.096774194,0,0,0.838709677,0.032258065,0.154921423,,,,,,,,,,,,,,,,,,,,,,,,,,,,,,,,,,,,,,,,,,,,,,,,,,,,,,,,,,,,,0,0,0,0.076923077,0,0,0,0,0.730769231,0.192307692,0,0,0,0,0,0,0.076923077,0,0,0,0,0,0,0.307692308,0.038461538,0,0,0,0.923076923,0,,,0.085798817
61,Female,32,South African,South Africa,,Any other white background (please describe),Boer,White and Asian,,Any other Asian background (please describe),None,Any other Black / African / Caribbean background (please describe),None,Any other ethnic group (please describe),None,"Doctoral degree (e.g., PhD, MD, etc.)",No,Bilingual (2),British,bear,hillary clinton,foxtrot,cuba,crisps,ozzy osborn,energy drink,chicago,mona lisa,sunday times,david beckham,nelson mandela,white house,the secret,bbc,david beckham,spongebob,lindt,parachute,christmas,table mountain,euro,christmas,adele,brighton,virgin,scottish eggs,rose,football,london,Ben,,,,,,,,,,,,,,,,,,,,,,,,,,,,,,,,,,,,,,,,,,,,,,,,,,,,,,,,,,,,,,,,,,,0.066666667,0.066666667,0,0,0.2,0,0.033333333,0,0.566666667,0,0.3,0.033333333,0,0,0.866666667,0.266666667,0.033333333,0,0,0.366666667,0,0.033333333,0.466666667,0.2,0.2,0.1,0,0.6,0.8,0.566666667,0.212820513,0.038461538,0.076923077,0,0,0.692307692,0,0,0,0.730769231,0,0.153846154,0.076923077,0,0.923076923,0.076923077,0.11538,0,0,0.461538,0.076923077,0.653846154,0.307692308,0.230769231,0,0,0.576923077,0.923076923,0.461538462,0,,,,,,,,,,,,,,,,,,,,,,,,,,,,,,,0,0.239644953,
62,Female,31,Turkish,Japan,,,,White and Asian,,,,,,,,"Doctoral degree (e.g., PhD, MD, etc.)",No,Multilingual (more than 2),Global,,,,,,,,,,,,,<bound method StringMethods.lower of <pandas.core.strings.accessor.StringMethods object at 0x7fc2a86e62b0>>,,,,,,,,,,,,,,,,,,,lion,angela merkel,salsa,big ben,chips,justin bieber,cola,london,mona lisa,the mirror,usain bolt,queen elizabeth ii,white house,pride and prejudice,bbc,cristiano ronaldo,looney tunes,milka,the beatles,01/01/2021,fuji,dollar,birthday,madonna,myrtle beach,lufthansa,fish and chips,rose,football,rome,0.729,0.729,12.174,1,Joe Biden,0.451612903,0.709677419,0.161290323,0,0.387096774,0.096774194,0.483870968,0.193548387,0.774193548,0,0,0,0.129032258,0.032258065,0.516129032,0.451612903,0.032258065,0.064516129,0.225806452,0.193548387,0.032258065,0.866666667,0.064516129,0.096774194,0,0.032258065,0.161290323,0.741935484,0.838709677,0.032258065,0.290157155,,,,,,,,,,,,,,,,,,,,,,,,,,,,,,,,,,,,,,,,,,,,,,,,,,,,,,,,,,,,,0.230769231,0.615384615,0,0.192307692,0,0.115384615,0.5,0.807692308,0.730769231,0,0,0,0.076923077,0,0.923076923,0.038461538,0.038461538,0,0.307692308,0,0,0,0.192307692,0.076923077,0,0,0.692307692,0.576923077,0.923076923,0,,,0.269230769
63,Female,31,Kenyan,Kenya,,,,,,,,African,,,,"Bachelor's degree (e.g., Bsc, BA)",Yes,Bilingual (2),Global,,,,,,,,,,,,,<bound method StringMethods.lower of <pandas.core.strings.accessor.StringMethods object at 0x7fc2a86e62b0>>,,,,,,,,,,,,,,,,,,,lion,angela merkel,salsa,eiffel tower,crisps,michael jackson,coffee,new york,mona lisa,the times,football,joe biden,taj mahal,the bible,cnn,cristiano ronaldo,tom and jerry,dairy milk,abba,christmas,everest,dollar,christmas,beyonce,miami beach,qatar airways,fish and chips,rose,rugby,mexico,1.757,1.757,10.7,1,JOE BIDEN,0.451612903,0.709677419,0.161290323,0.35483871,0.064516129,0.387096774,0,0.258064516,0.774193548,0.322580645,0.032258065,0.290322581,0,0.290322581,0.225806452,0.451612903,0.193548387,0,0.064516129,0.161290323,0.677419355,0.866666667,0.580645161,0.322580645,0.225806452,0,0.161290323,0.741935484,0,0,0.307526882,,,,,,,,,,,,,,,,,,,,,,,,,,,,,,,,,,,,,,,,,,,,,,,,,,,,,,,,,,,,,0.230769231,0.615384615,0,0.076923077,0.692307692,0.076923077,0.076923077,0,0.730769231,0.192307692,0.153846154,0.461538462,0,0.384615385,0,0.038461538,0.269230769,0.076923077,0,0.461538,0.730769231,0,0.653846154,0.153846154,0.038461538,0,0.692307692,0.576923077,0,0,,,0.269230752
64,Male,46,Indonesia,Indonesia,,,,,,Any other Asian background (please describe),South East Asia,,,,,"Bachelor's degree (e.g., Bsc, BA)",No,Multilingual (more than 2),British,tiger,angela merkel,tango,desert,chips,ed sheeran,cola,london,painting,the sun,football,boris johnson,big ben,richard osman,bbc,harry kane,pinocchio,cadbury,the beatles,sunday,snowdon,pound,halloween,madonna,santa monica beach,klm,sunday roast,rose,football,bali,john biden,,,,,,,,,,,,,,,,,,,,,,,,,,,,,,,,,,,,,,,,,,,,,,,,,,,,,,,,,,,,,,,,,,,0.266666667,0.6,0.1,0,0.333333333,0.033333333,0.3,0.5,0.1,0.133333333,0.133333333,0.266666667,0.233333333,0,0.866666667,0.333333333,0,0.466666667,0.333333333,0,0.1,0.7,0,0.066666667,0,0,0.033333333,0.6,0.8,0,0.258974359,0.153846154,0.615384615,0.269230769,0,0,0.076923077,0.5,0.807692308,0,0.230769231,0.153846154,0.076923077,0,0.923076923,0.653846154,0,0.730769231,0.307692308,0,0.846153846,0,0.076923077,0,0,0,0.576923077,0.923076923,0,0.192307692,,,,,,,,,,,,,,,,,,,,,,,,,,,,,,,0.115384615,0.278106509,
